題號,考點摘要（非原題轉載）,文件標示答案,網頁文字視圖,原圖目視狀態,114教材或現行法正確性,成功嶺身份
1,EMT-1可施行項目反向題,D,A-D可讀,已逐頁目視原圖：1004截圖 175620（第1頁，題1–5）,未審,未標考試單位或梯次
2,訓練時數證書效期繼續教育算式,D,A-D可讀,已逐頁目視原圖：1004截圖 175620（第1頁，題1–5）,舊40小時需依現行法重審,未標考試單位或梯次
3,未依程序救護之罰鍰,B,A-D可讀,已逐頁目視原圖：1004截圖 175620（第1頁，題1–5）,未審,未標考試單位或梯次
4,救護車載送人員數,A,A-D可讀,已逐頁目視原圖：1004截圖 175620（第1頁，題1–5）,未審,未標考試單位或梯次
5,救護紀錄保存年限,C,A-D可讀,已逐頁目視原圖：1004截圖 175620（第1頁，題1–5）,未審,未標考試單位或梯次
6,各動脈摸到脈搏與收縮壓序列,C,網頁文字破碎；原圖可辨A–D四個數字序列，標示答案C項為60/70/70/80/90,已逐頁目視原圖：1004截圖 175654（第2頁，題6–10）,未審；四選項已由原圖確認，仍須核醫學答案,未標考試單位或梯次
7,成人骨骼數,B,A-D可讀,已逐頁目視原圖：1004截圖 175654（第2頁，題6–10）,未審,未標考試單位或梯次
8,緊急醫療運作流程排序,C,A-D可讀,已逐頁目視原圖：1004截圖 175654（第2頁，題6–10）,未審,未標考試單位或梯次
9,鼻咽呼吸道量測,D,A-D可讀,已逐頁目視原圖：1004截圖 175654（第2頁，題6–10）,未審,未標考試單位或梯次
10,創傷呼吸道打開法,D,A-D可讀,已逐頁目視原圖：1004截圖 175654（第2頁，題6–10）,未審,未標考試單位或梯次
11,低血壓病人姿勢,C,A-D可讀,已逐頁目視原圖：1004截圖 175711（第3頁，題11–15）,未審且須核適用條件,未標考試單位或梯次
12,成人燒燙傷面積計算,B,A-D可讀,已逐頁目視原圖：1004截圖 175711（第3頁，題11–15）,未審,未標考試單位或梯次
13,火場救出與給氧方式,C,原圖A–D可辨；「非再吸入」在網頁擷取中有錯字,已逐頁目視原圖：1004截圖 175711（第3頁，題11–15）,未審且須核臨床條件,未標考試單位或梯次
14,孕婦異物梗塞處置,B,A-D可讀,已逐頁目視原圖：1004截圖 175711（第3頁，題11–15）,未審,未標考試單位或梯次
15,未施CPR每分鐘存活率變化,A,A-D可讀,已逐頁目視原圖：1004截圖 175711（第3頁，題11–15）,未審,未標考試單位或梯次
16,基本CPR按壓深度,A,A-D可讀,已逐頁目視原圖：1004截圖 175725（第4頁，題16–20）,未審且須分年齡,未標考試單位或梯次
17,呼吸速率危急閾值,A,A-D可讀,已逐頁目視原圖：1004截圖 175725（第4頁，題16–20）,未審,未標考試單位或梯次
18,危急個案多個情境,D,A-D可讀,已逐頁目視原圖：1004截圖 175725（第4頁，題16–20）,未審,未標考試單位或梯次
19,常用止血法,A,A-D可讀,已逐頁目視原圖：1004截圖 175725（第4頁，題16–20）,未審,未標考試單位或梯次
20,止血包紮錯誤作法,A,A-D可讀,已逐頁目視原圖：1004截圖 175725（第4頁，題16–20）,未審,未標考試單位或梯次
21,翻身後頸椎限制術,B,A-D可讀,已逐頁目視原圖：1004截圖 175739（第5頁，題21–25）,未審,未標考試單位或梯次
22,上頸圈後頸椎保護術,B,A-D可讀,已逐頁目視原圖：1004截圖 175739（第5頁，題21–25）,未審,未標考試單位或梯次
23,生命之鏈排序,D,A-D可讀,已逐頁目視原圖：1004截圖 175739（第5頁，題21–25）,未審且須核新版指引,未標考試單位或梯次
24,GCS情境判分,D,A-D可讀,已逐頁目視原圖：1004截圖 175739（第5頁，題21–25）,未審,未標考試單位或梯次
25,危急個案判斷反向題,C,A-E五項可讀,已逐頁目視原圖：1004截圖 175739（第5頁，題21–25）,未審；不可假設四選一,未標考試單位或梯次
26,車禍脫困常見錯誤,D,A-D可讀,已逐頁目視原圖：1004截圖 175752（第6頁，題26–30）,未審,未標考試單位或梯次
27,非創傷二度評估皮膚異常,D,A-D可讀,已逐頁目視原圖：1004截圖 175752（第6頁，題26–30）,未審,未標考試單位或梯次
28,非創傷二度評估排除項,C,A-D可讀,已逐頁目視原圖：1004截圖 175752（第6頁，題26–30）,未審,未標考試單位或梯次
29,檢查氣管偏移的手指數,B,A-D可讀,已逐頁目視原圖：1004截圖 175752（第6頁，題26–30）,未審,未標考試單位或梯次
30,中風黃金治療時間,C,A-D可讀,已逐頁目視原圖：1004截圖 175752（第6頁，題26–30）,未審且須核新版指引,未標考試單位或梯次
31,辛辛那提中風評估機率,B,A-D可讀,已逐頁目視原圖：1004截圖 175805（第7頁，題31–35）,未審且須核新版教材,未標考試單位或梯次
32,夾板固定涵蓋關節,C,A-D可讀,已逐頁目視原圖：1004截圖 175805（第7頁，題31–35）,未審,未標考試單位或梯次
33,現場安全與搬運錯誤作法,B,A-D可讀,已逐頁目視原圖：1004截圖 175805（第7頁，題31–35）,未審,未標考試單位或梯次
34,大量傷病患與START檢傷反向題,D,原圖A–D可辨；網頁擷取的檢傷顏色有錯字,已逐頁目視原圖：1004截圖 175805（第7頁，題31–35）,未審,未標考試單位或梯次
35,三角巾常用結法,D,A-D可讀,已逐頁目視原圖：1004截圖 175805（第7頁，題31–35）,未審,未標考試單位或梯次
36,車禍脫困器材,B,A-D可讀,已逐頁目視原圖：1004截圖 175818（第8頁，題36–40）,未審,未標考試單位或梯次
37,救護技術員應知技能,D,A-D可讀,已逐頁目視原圖：1004截圖 175818（第8頁，題36–40）,未審,未標考試單位或梯次
38,AVPU之V意義,B,A-D可讀,已逐頁目視原圖：1004截圖 175818（第8頁，題36–40）,未審,未標考試單位或梯次
39,長骨反向題,A,A-D可讀,已逐頁目視原圖：1004截圖 175818（第8頁，題36–40）,未審且須核題意,未標考試單位或梯次
40,前臂骨折固定前後檢查,C,A-D可讀,已逐頁目視原圖：1004截圖 175818（第8頁，題36–40）,未審,未標考試單位或梯次
41,第一次正壓給氧無法吹入的後續步驟,A,A-D可讀,已逐頁目視原圖：1004截圖 175831（第9頁，題41–45）,未審且須核情境條件,未標考試單位或梯次
42,頸圈尺寸量測,C,A-D可讀,已逐頁目視原圖：1004截圖 175831（第9頁，題41–45）,未審,未標考試單位或梯次
43,呼吸困難運送姿勢,C,A-D可讀,已逐頁目視原圖：1004截圖 175831（第9頁，題41–45）,未審且須核情境條件,未標考試單位或梯次
44,緊急醫療救護法公布年,B,A-D可讀,已逐頁目視原圖：1004截圖 175831（第9頁，題41–45）,未審,未標考試單位或梯次
45,腦神經對數,B,A-D可讀,已逐頁目視原圖：1004截圖 175831（第9頁，題41–45）,未審,未標考試單位或梯次
46,骨盆骨折失血量,C,原圖A–D可辨；網頁擷取的失血量單位排版破碎,已逐頁目視原圖：1004截圖 175844（第10頁，題46–50）,未審且須核臨床教材,未標考試單位或梯次
47,生命徵象排除項,D,A-D可讀,已逐頁目視原圖：1004截圖 175844（第10頁，題46–50）,未審,未標考試單位或梯次
48,骨盆穩定與疼痛檢查方式,D,A-D可讀,已逐頁目視原圖：1004截圖 175844（第10頁，題46–50）,未審且須核新版操作規範,未標考試單位或梯次
49,氧氣器材流量反向題,D,A-D可讀,已逐頁目視原圖：1004截圖 175844（第10頁，題46–50）,未審且須核新版教材,未標考試單位或梯次
50,抽吸操作規範,C,A-D可讀,已逐頁目視原圖：1004截圖 175844（第10頁，題46–50）,未審且須核新版教材,未標考試單位或梯次
