205T題型,卷內題號,來源文字SHA256前12碼,原文前12字定位,網站對應ID,對應關係,原作者答案,現行查核答案,裁定,查核連結,差異或限制
是非,1,51b9bb2b1b18,經申請保留底缺年資之替代,TF-032,站內已有同題或改寫,未附,X,現行法條支持；非原作者答案,https://law.moj.gov.tw/LawClass/LawSingle.aspx?pcode=D0040024&flno=6,對照現行條文；原作者未附答案
是非,2,80c3645e1409,替代役役男經核定傷病停役,TF-077,站內已有同題或改寫,未附,X,現行法條支持；非原作者答案,https://law.moj.gov.tw/LawClass/LawSingle.aspx?pcode=D0040017&flno=11,對照現行條文；原作者未附答案
是非,3,599037ddbe5b,替代役役男接受基礎訓練期,TF-081,站內已有同題或改寫,未附,,歷史題；不按現行計分,,題幹寫已改制的役政署／訓練班；不可把 2019 年機關名稱當現行答案。
是非,4,f5c8ee7b75d5,依替代役實施條例第55條,TF-057,站內已有同題或改寫,未附,O,現行法條支持；非原作者答案,https://law.moj.gov.tw/LawClass/LawSingle.aspx?pcode=D0040017&flno=55,對照現行條文；原作者未附答案
是非,5,4d586492e06a,一國民年金法規定，年滿2,TF-DOC2-03,站內已有同題或改寫,未附,O,官方說明支持；非原作者答案,https://dca.moi.gov.tw/chaspx/Faq_Detail.aspx?id=6692&web=85,官方國民年金說明；原文有『為／未』轉寫錯字
是非,6,e7f30226edf1,替代役役男入營後應親自填,TF-097,站內已有同題或改寫,未附,O,官方說明支持；非原作者答案,https://dca.moi.gov.tw/userfiles/Files/morefile1_50_5549_67.pdf,官方受益人指定書附表
是非,7,cf022265a0f9,依替代役實施條例第52條,TF-044,站內已有同題或改寫,未附,O,現行法條支持；非原作者答案,https://law.moj.gov.tw/LawClass/LawSingle.aspx?pcode=D0040017&flno=52,對照現行條文；原作者未附答案
是非,8,f8cde811c0c5,替代役退役役男之年終工作,TF-143,站內已有同題或改寫,未附,O,官方說明支持；非原作者答案,https://dca.moi.gov.tw/chaspx/Faq_Detail.aspx?id=6562&web=85,官方年終獎金問答
是非,9,10522fabd233,替代役役男入營逾30天，,TF-DOC2-01,站內已有同題或改寫,未附,,歷史題；不按現行計分,,入營逾 30 日的歷史分界；現行基礎訓練約 26 日，須另查當梯制度。
是非,10,bec3cc15da4e,替代役役男申請驗退貨商病,TF-075,站內已有同題或改寫,未附,,待補官方依據；不計分,,驗退與傷病停役的檢定程序不同；原題『均須』尚未證成。
是非,11,45111497667c,凡應征服替代役役男應憑徵,MC-045,題型不同、同考點,未附,O,官方說明支持；非原作者答案,https://dca.moi.gov.tw/chaspx/Faq_Detail.aspx?id=6671&web=85,官方入營健保轉出問答
是非,12,cf595004207d,替代役役男服役期間，原持,TF-036,站內已有同題或改寫,未附,O,官方說明支持；非原作者答案,https://www.nhi.gov.tw/ch/cp-5057-4907a-2673-1.html,健保署現行郵局代收補卡說明
是非,13,d1f2f30d0040,替代役役男殘廢給付，以替,TF-102,站內已有同題或改寫,未附,O,現行法條支持；非原作者答案,https://law.moj.gov.tw/LawClass/LawSingle.aspx?pcode=D0040027&flno=3,對照現行條文；原作者未附答案
是非,14,69f3f7616100,替代役役男保險有效期間自,TF-092,站內已有同題或改寫,未附,O,現行法條支持；非原作者答案,https://law.moj.gov.tw/LawClass/LawSingle.aspx?pcode=D0040027&flno=2,對照現行條文；原作者未附答案
是非,15,72ed2613216c,"基礎訓練體能測驗以3,0",TF-142,站內已有同題或改寫,未附,,歷史題；不按現行計分,,體能測驗替代項目屬當梯訓練規定，未找到現行全國一致依據。
是非,16,5c9c62a2225e,替代役役男服役期間因傷病,TF-080,站內已有同題或改寫,未附,X,官方說明支持；非原作者答案,https://dca.moi.gov.tw/chaspx/Faq_Detail.aspx?id=271&web=88,服勤單位受理，主管機關核定；原題說服勤單位核定，故為錯
是非,17,830420454e69,替代役役男於服役期間參加,TF-144,站內已有同題或改寫,未附,O,官方說明支持；非原作者答案,https://dca.moi.gov.tw/userfiles/Files/morefile1_17_6341_38.pdf,官方健保須知；一般保費與補充保費分開
是非,18,d13a12374730,役男若因故致未參加期末測,TF-084,站內已有同題或改寫,未附,,歷史題；不按現行計分,,缺考以 0／40 分核算屬當梯評分規則，未找到現行公告支持。
是非,19,8700b8a16871,役男服勤時，應隨身攜帶役,TF-DOC2-02,站內已有同題或改寫,未附,O,官方說明支持；非原作者答案,https://dca.moi.gov.tw/userfiles/files/j1cpujw.pdf,內政部服勤管理要點；個別役別實施範圍仍須留意
是非,20,bd61510610d4,因公死亡發給遺族年撫恤金,TF-154,原題校字,未附,O,現行法條支持；非原作者答案,https://law.moj.gov.tw/LawClass/LawSingle.aspx?pcode=D0040017&flno=32,對照現行條文；原作者未附答案
是非,21,b716c4c194d5,替代役役男需填寫之保險受,TF-103,站內已有同題或改寫,未附,O,現行法條支持；非原作者答案,https://law.moj.gov.tw/LawClass/LawSingle.aspx?pcode=D0040027&flno=3,對照現行條文；原作者未附答案
是非,22,5ae96f2d171d,依替代役男請假規則，替代,TF-095,站內已有同題或改寫,未附,X,現行法條支持；非原作者答案,https://law.moj.gov.tw/LawClass/LawSingle.aspx?pcode=D0040021&flno=6,對照現行條文；原作者未附答案
是非,23,194e04f1564f,役男分發服勤後，因傷病不,TF-062,站內已有同題或改寫,未附,O,官方說明支持；非原作者答案,https://dca.moi.gov.tw/chaspx/Faq_Detail.aspx?id=271&web=88,官方傷病停役申請流程；向服勤單位提出
是非,24,6d506b61980d,各項服裝穿著時機及配戴要,TF-059,站內已有同題或改寫,未附,,待補官方依據；不計分,,制服要求見特定服勤管理資料，尚未證成對所有役別一律適用。
是非,25,860faf41c193,替代役役男於服役期間傷病,TF-117,站內已有同題或改寫,未附,O,官方說明支持；非原作者答案,https://law.moj.gov.tw/LawClass/LawSingle.aspx?pcode=D0040027&flno=12,醫療自付費規定；原題舊稱健保局
選擇,1,3893bb4de34a,何者應依業務需要，訂定一,MC-062,站內已有同題或改寫,未附,1,現行法條支持；非原作者答案,https://law.moj.gov.tw/LawClass/LawSingle.aspx?pcode=D0040017&flno=18,對照現行條文；原作者未附答案
選擇,2,bfa286611c63,替代役管理幹部最高上限為,MC-061,站內已有同題或改寫,未附,1,現行法條支持；非原作者答案,https://law.moj.gov.tw/LawClass/LawSingle.aspx?pcode=D0040018&flno=12,對照現行條文；原作者未附答案
選擇,3,7190c0efc915,現役替代役役男符合提前退,MC-DOC2-03,站內已有同題或改寫,未附,3,現行法條支持；非原作者答案,https://law.moj.gov.tw/LawClass/LawSingle.aspx?pcode=D0040017&flno=12,對照現行條文；原作者未附答案
選擇,4,bf3673289e55,替代役役男婚嫁，核給 (,MC-040,站內已有同題或改寫,未附,2,現行法條支持；非原作者答案,https://law.moj.gov.tw/LawClass/LawSingle.aspx?pcode=D0040021&flno=5,對照現行條文；原作者未附答案
選擇,5,db17ae1de22c,中華民國男子年滿 (1),MC-044,站內已有同題或改寫,未附,2,現行法條支持；非原作者答案,https://law.moj.gov.tw/LawClass/LawSingle.aspx?pcode=D0040017&flno=5,對照現行條文；原作者未附答案
選擇,6,b6b95eff3a62,替代役之主管機關為 (1,MC-257-03,站內已有同題或改寫,未附,1,現行法條支持；非原作者答案,https://law.moj.gov.tw/LawClass/LawSingle.aspx?pcode=D0040017&flno=2,對照現行條文；原作者未附答案
選擇,7,a7ece6743a85,替代役役男服役期滿退役後,MC-DOC2-06,站內已有同題或改寫,未附,4,現行法條支持；非原作者答案,https://law.moj.gov.tw/LawClass/LawSingle.aspx?pcode=D0040033&flno=3,對照現行條文；原作者未附答案
選擇,8,015b80f0c768,需用機關對於服勤單位所提,MC-102,原題校字,未附,4,現行法條支持；非原作者答案,https://law.moj.gov.tw/LawClass/LawSingle.aspx?pcode=D0040028&flno=19,對照現行條文；原作者未附答案
選擇,9,92da18eff2a7,現役替代役役男符合家庭因,MC-023,站內已有同題或改寫,未附,2,官方說明支持；非原作者答案,https://dca.moi.gov.tw/CHASPX/Faq_Detail.aspx?id=6723&web=85,官方服役中家庭因素申請問答
選擇,10,c9c8b27d7fb9,替代役役男參加與職務無關,MC-069,站內已有同題或改寫,未附,1,現行法條支持；非原作者答案,https://law.moj.gov.tw/LawClass/LawSingle.aspx?pcode=D0040021&flno=2,對照現行條文；原作者未附答案
選擇,11,efe719a069d5,罰勤假日以 (1) 2小,MC-011,站內已有同題或改寫,未附,4,現行法條支持；非原作者答案,https://law.moj.gov.tw/LawClass/LawSingle.aspx?pcode=D0040017&flno=55,對照現行條文；原作者未附答案
選擇,12,e0e1d95a3823,替代役役男勤務編組、分配,MC-059,站內已有同題或改寫,未附,3,現行法條支持；非原作者答案,https://law.moj.gov.tw/LawClass/LawSingle.aspx?pcode=D0040020&flno=8,對照現行條文；原作者未附答案
選擇,13,d324ffd9d99c,役男驗退或停役後，由何機,MC-042,站內已有同題或改寫,未附,2,官方說明支持；非原作者答案,https://dca.moi.gov.tw/training/web/static/QA.html,官方驗退體位判定問答
選擇,14,c7820c486c1f,替代役男因家庭發生重大變,TF-017,題型不同、同考點,未附,2,現行法條支持；非原作者答案,https://law.moj.gov.tw/LawClass/LawSingle.aspx?pcode=D0040017&flno=12,對照現行條文；原作者未附答案
選擇,15,8c9d038f6a6b,替代役役男受輔導教育期間,MC-063,站內已有同題或改寫,未附,2,現行法條支持；非原作者答案,https://law.moj.gov.tw/LawClass/LawSingle.aspx?pcode=D0040019&flno=8,對照現行條文；原作者未附答案
選擇,16,feba47de266a,依據替代役實施條例第53,MC-006,站內已有同題或改寫,未附,2,現行法條支持；非原作者答案,https://law.moj.gov.tw/LawClass/LawSingle.aspx?pcode=D0040017&flno=53,對照現行條文；原作者未附答案
選擇,17,422574648269,罰薪、輔導教育，由服勤單,MC-082,站內已有同題或改寫,未附,4,現行法條支持；非原作者答案,https://law.moj.gov.tw/LawClass/LawSingle.aspx?pcode=D0040017&flno=55,對照現行條文；原作者未附答案
選擇,18,c521de60c067,替代役男除家庭因素經核准,MC-DOC2-07,站內已有同題或改寫,未附,3,現行法條支持；非原作者答案,https://law.moj.gov.tw/LawClass/LawSingle.aspx?pcode=D0040020&flno=13,對照現行條文；原作者未附答案
選擇,19,dc78dc35cc16,替代役役男無故離去職役累,MC-068,站內已有同題或改寫,未附,3,現行法條支持；非原作者答案,https://law.moj.gov.tw/LawClass/LawSingle.aspx?pcode=D0040020&flno=20,對照現行條文；原作者未附答案
選擇,20,c46d177ffa80,行政院核定83年次以後出,MC-DOC2-05,站內已有同題或改寫,未附,,歷史題；不按現行計分,,原題只寫 83 年次以後，現行役期因 83–93 與 94 年次以後而不同，選項不能有唯一答案。
選擇,21,e8caf772d850,常備役體位因家庭因素服替,MC-100,站內已有同題或改寫,未附,3,現行法條支持；非原作者答案,https://law.moj.gov.tw/LawClass/LawSingle.aspx?pcode=D0040017&flno=7,對照現行條文；原作者未附答案
選擇,22,5ff2a193822a,替代役役男受輔導教育（含,MC-027,站內已有同題或改寫,未附,4,現行法條支持；非原作者答案,https://law.moj.gov.tw/LawClass/LawSingle.aspx?pcode=D0040019&flno=4,對照現行條文；原作者未附答案
選擇,23,2fcd62ec0b8d,一般替代役役男之專業訓練,MC-019,站內已有同題或改寫,未附,3,現行法條支持；非原作者答案,https://law.moj.gov.tw/LawClass/LawSingle.aspx?pcode=D0040017&flno=13,對照現行條文；原作者未附答案
選擇,24,5522f890292e,替代役實施條例施行細則所,TF-006,題型不同、同考點,未附,2,現行法條支持；非原作者答案,https://law.moj.gov.tw/LawClass/LawSingle.aspx?pcode=D0040018&flno=2,對照現行條文；原作者未附答案
選擇,25,c9f2645f2ffb,受理申訴機關處理期限，為,MC-084,站內已有同題或改寫,未附,3,現行法條支持；非原作者答案,https://law.moj.gov.tw/LawClass/LawSingle.aspx?pcode=D0040028&flno=21,對照現行條文；原作者未附答案
