205T題型,205T卷內題號,來源文字SHA256前12碼,來源前12字定位,網站候選1,相似度1,網站候選2,相似度2,網站候選3,相似度3,裁定,現行法核對
是非,1,51b9bb2b1b18,經申請保留底缺年資之替代,TF-032,0.974,TF-061,0.358,TF-060,0.273,待人工逐句對照；相似度不是來源核定,未核；原作者未附解答
是非,2,80c3645e1409,替代役役男經核定傷病停役,TF-077,0.952,TF-058,0.939,TF-DOC2-05,0.653,待人工逐句對照；相似度不是來源核定,未核；原作者未附解答
是非,3,599037ddbe5b,替代役役男接受基礎訓練期,TF-081,0.759,TF-064,0.706,TF-041,0.525,待人工逐句對照；相似度不是來源核定,未核；原作者未附解答
是非,4,f5c8ee7b75d5,依替代役實施條例第55條,TF-057,0.973,TF-026,0.587,TF-027,0.357,待人工逐句對照；相似度不是來源核定,未核；原作者未附解答
是非,5,4d586492e06a,一國民年金法規定，年滿2,TF-DOC2-03,0.828,TF-023,0.345,TF-097,0.288,待人工逐句對照；相似度不是來源核定,未核；原作者未附解答
是非,6,e7f30226edf1,替代役役男入營後應親自填,TF-097,1.000,TF-023,0.667,TF-099,0.480,待人工逐句對照；相似度不是來源核定,未核；原作者未附解答
是非,7,cf022265a0f9,依替代役實施條例第52條,TF-044,1.000,TF-043,0.971,TF-025,0.564,待人工逐句對照；相似度不是來源核定,未核；原作者未附解答
是非,8,f8cde811c0c5,替代役退役役男之年終工作,TF-143,0.691,TF-119,0.340,TF-109,0.326,待人工逐句對照；相似度不是來源核定,未核；原作者未附解答
是非,9,10522fabd233,替代役役男入營逾30天，,TF-DOC2-01,0.964,TF-082,0.764,TF-080,0.440,待人工逐句對照；相似度不是來源核定,未核；原作者未附解答
是非,10,bec3cc15da4e,替代役役男申請驗退貨商病,TF-075,0.842,TF-080,0.400,TF-082,0.327,待人工逐句對照；相似度不是來源核定,未核；原作者未附解答
是非,11,45111497667c,凡應征服替代役役男應憑徵,TF-053,0.427,TF-023,0.289,TF-063,0.272,待人工逐句對照；相似度不是來源核定,未核；原作者未附解答
是非,12,cf595004207d,替代役役男服役期間，原持,TF-036,0.961,TF-117,0.299,TF-140,0.283,待人工逐句對照；相似度不是來源核定,未核；原作者未附解答
是非,13,d1f2f30d0040,替代役役男殘廢給付，以替,TF-102,0.878,TF-097,0.448,TF-078,0.421,待人工逐句對照；相似度不是來源核定,未核；原作者未附解答
是非,14,69f3f7616100,替代役役男保險有效期間自,TF-092,1.000,TF-042,0.343,TF-080,0.340,待人工逐句對照；相似度不是來源核定,未核；原作者未附解答
是非,15,72ed2613216c,"基礎訓練體能測驗以3,0",TF-142,0.959,TF-094,0.911,TF-045,0.242,待人工逐句對照；相似度不是來源核定,未核；原作者未附解答
是非,16,5c9c62a2225e,替代役役男服役期間因傷病,TF-080,0.913,TF-145,0.500,TF-078,0.488,待人工逐句對照；相似度不是來源核定,未核；原作者未附解答
是非,17,830420454e69,替代役役男於服役期間參加,TF-144,0.500,TF-117,0.451,TF-140,0.391,待人工逐句對照；相似度不是來源核定,未核；原作者未附解答
是非,18,d13a12374730,役男若因故致未參加期末測,TF-084,0.939,TF-085,0.918,TF-045,0.200,待人工逐句對照；相似度不是來源核定,未核；原作者未附解答
是非,19,8700b8a16871,役男服勤時，應隨身攜帶役,TF-DOC2-02,0.983,TF-062,0.286,TF-080,0.250,待人工逐句對照；相似度不是來源核定,未核；原作者未附解答
是非,20,bd61510610d4,因公死亡發給遺族年撫恤金,TF-143,0.176,TF-091,0.145,TF-126,0.139,待人工逐句對照；相似度不是來源核定,未核；原作者未附解答
是非,21,b716c4c194d5,替代役役男需填寫之保險受,TF-103,0.659,TF-099,0.364,TF-097,0.345,待人工逐句對照；相似度不是來源核定,未核；原作者未附解答
是非,22,5ae96f2d171d,依替代役男請假規則，替代,TF-095,0.963,TF-066,0.379,TF-138,0.348,待人工逐句對照；相似度不是來源核定,未核；原作者未附解答
是非,23,194e04f1564f,役男分發服勤後，因傷病不,TF-062,0.754,TF-080,0.440,TF-DOC2-01,0.429,待人工逐句對照；相似度不是來源核定,未核；原作者未附解答
是非,24,6d506b61980d,各項服裝穿著時機及配戴要,TF-059,0.930,TF-DOC2-02,0.094,TF-119,0.082,待人工逐句對照；相似度不是來源核定,未核；原作者未附解答
是非,25,860faf41c193,替代役役男於服役期間傷病,TF-117,0.974,TF-063,0.565,TF-144,0.382,待人工逐句對照；相似度不是來源核定,未核；原作者未附解答
選擇,1,3893bb4de34a,何者應依業務需要，訂定一,MC-062,0.968,MC-082,0.455,MC-017,0.400,待人工逐句對照；相似度不是來源核定,未核；原作者未附解答
選擇,2,bfa286611c63,替代役管理幹部最高上限為,MC-061,1.000,MC-025,0.507,MC-053,0.343,待人工逐句對照；相似度不是來源核定,未核；原作者未附解答
選擇,3,7190c0efc915,現役替代役役男符合提前退,MC-DOC2-03,0.936,MC-071,0.488,MC-015,0.474,待人工逐句對照；相似度不是來源核定,未核；原作者未附解答
選擇,4,bf3673289e55,替代役役男婚嫁，核給 (,MC-078,0.667,MC-073,0.588,MC-032,0.583,待人工逐句對照；相似度不是來源核定,未核；原作者未附解答
選擇,5,db17ae1de22c,中華民國男子年滿 (1),MC-044,1.000,MC-038,0.143,MC-036,0.136,待人工逐句對照；相似度不是來源核定,未核；原作者未附解答
選擇,6,b6b95eff3a62,替代役之主管機關為 (1,MC-257-03,0.529,MC-019,0.444,MC-015,0.417,待人工逐句對照；相似度不是來源核定,未核；原作者未附解答
選擇,7,a7ece6743a85,替代役役男服役期滿退役後,MC-DOC2-06,0.740,MC-015,0.400,MC-095,0.367,待人工逐句對照；相似度不是來源核定,未核；原作者未附解答
選擇,8,015b80f0c768,需用機關對於服勤單位所提,MC-063,0.400,MC-082,0.394,MC-054,0.367,待人工逐句對照；相似度不是來源核定,未核；原作者未附解答
選擇,9,92da18eff2a7,現役替代役役男符合家庭因,MC-023,0.724,MC-DOC2-03,0.549,MC-071,0.533,待人工逐句對照；相似度不是來源核定,未核；原作者未附解答
選擇,10,c9c8b27d7fb9,替代役役男參加與職務無關,MC-069,0.760,MC-078,0.438,MC-063,0.412,待人工逐句對照；相似度不是來源核定,未核；原作者未附解答
選擇,11,efe719a069d5,罰勤假日以 (1) 2小,MC-011,0.667,MC-073,0.308,MC-257-04,0.238,待人工逐句對照；相似度不是來源核定,未核；原作者未附解答
選擇,12,e0e1d95a3823,替代役役男勤務編組、分配,MC-059,1.000,MC-073,0.700,MC-079,0.500,待人工逐句對照；相似度不是來源核定,未核；原作者未附解答
選擇,13,d324ffd9d99c,役男驗退或停役後，由何機,MC-042,0.941,MC-015,0.485,MC-DOC2-03,0.429,待人工逐句對照；相似度不是來源核定,未核；原作者未附解答
選擇,14,c7820c486c1f,替代役男因家庭發生重大變,MC-064,0.247,MC-003,0.241,MC-074,0.239,待人工逐句對照；相似度不是來源核定,未核；原作者未附解答
選擇,15,8c9d038f6a6b,替代役役男受輔導教育期間,MC-063,0.897,MC-027,0.606,MC-078,0.593,待人工逐句對照；相似度不是來源核定,未核；原作者未附解答
選擇,16,feba47de266a,依據替代役實施條例第53,MC-006,0.965,MC-096,0.319,MC-257-03,0.312,待人工逐句對照；相似度不是來源核定,未核；原作者未附解答
選擇,17,422574648269,罰薪、輔導教育，由服勤單,MC-082,0.841,MC-062,0.338,MC-008,0.247,待人工逐句對照；相似度不是來源核定,未核；原作者未附解答
選擇,18,c521de60c067,替代役男除家庭因素經核准,MC-DOC2-07,0.750,MC-016,0.412,MC-078,0.400,待人工逐句對照；相似度不是來源核定,未核；原作者未附解答
選擇,19,dc78dc35cc16,替代役役男無故離去職役累,MC-068,0.846,MC-046,0.714,MC-096,0.464,待人工逐句對照；相似度不是來源核定,未核；原作者未附解答
選擇,20,c46d177ffa80,行政院核定83年次以後出,MC-DOC2-05,1.000,MC-100,0.462,MC-047,0.431,待人工逐句對照；相似度不是來源核定,未核；原作者未附解答
選擇,21,e8caf772d850,常備役體位因家庭因素服替,MC-100,0.889,MC-047,0.686,MC-023,0.408,待人工逐句對照；相似度不是來源核定,未核；原作者未附解答
選擇,22,5ff2a193822a,替代役役男受輔導教育（含,MC-027,0.833,MC-063,0.625,MC-081,0.486,待人工逐句對照；相似度不是來源核定,未核；原作者未附解答
選擇,23,2fcd62ec0b8d,一般替代役役男之專業訓練,MC-019,0.783,MC-073,0.545,MC-033,0.538,待人工逐句對照；相似度不是來源核定,未核；原作者未附解答
選擇,24,5522f890292e,替代役實施條例施行細則所,MC-072,0.514,MC-257-03,0.409,MC-061,0.341,待人工逐句對照；相似度不是來源核定,未核；原作者未附解答
選擇,25,c9f2645f2ffb,受理申訴機關處理期限，為,MC-084,0.769,MC-015,0.258,MC-001,0.216,待人工逐句對照；相似度不是來源核定,未核；原作者未附解答
