source_id,PTT 文章標題,作者,發文時間,網址,HTTP 狀態,正文字數,與 257T 彙編題幹相同的題數,對上的彙編題號（是非／選擇）,文章性質（依標題與內文判讀）,備註
P01,[心得] 153T 替代役新訓超完整介紹 文長(含153考古題),ckc…,Sun Aug  2 01:46:49 2015,https://www.ptt.cc/bbs/SMSlife/M.1438451212.A.E58.html,200,14073,37,是非43 是非44 是非46 是非47 是非49 是非57 是非60 是非73 是非75 是非79 是非86 是非89 是非90 是非95 是非97 是非98 是非100 是非101 是非102 是非103 是非104 是非105 是非106 選擇2 選擇6 選擇13 選擇18 選擇32 選擇35 選擇55 選擇70 選擇72 選擇73 選擇75 選擇80 選擇81 選擇82,153T 新訓心得，文內附當梯考題,以題幹前 22 個字（去標點空白）是否出現在文章內判定；改寫過的題目不會被算到
P02,[心得] 154T學科測驗題目 - 精華區 SMSlife - 批踢踢實業坊,Dec…,Fri Aug 21 21:19:58 2015,https://www.ptt.cc/man/SMSlife/DF24/DB55/M.1440175950.A.07E.html,200,3167,18,是非16 是非17 是非36 是非43 是非44 是非49 是非57 是非60 是非73 是非75 是非99 是非105 選擇33 選擇71 選擇77 選擇78 選擇79 選擇83,154T 學科測驗題目回憶,以題幹前 22 個字（去標點空白）是否出現在文章內判定；改寫過的題目不會被算到
P03,Re: [心得] 154T學科測驗題目(答案) - 精華區 SMSlife - 批踢踢實業坊,aro…,Sat Aug 22 20:43:43 2015,https://www.ptt.cc/man/SMSlife/DF24/DB55/M.1440498848.A.A31.html,200,3695,19,是非16 是非17 是非36 是非43 是非44 是非49 是非57 是非60 是非73 是非75 是非99 是非105 選擇6 選擇33 選擇71 選擇77 選擇78 選擇79 選擇83,154T 題目的答案回覆（與上一篇是同一組來源）,以題幹前 22 個字（去標點空白）是否出現在文章內判定；改寫過的題目不會被算到
P04,[心得] 163T成功嶺考古題暨教育役考古題新增 - 精華區 SMSlife - 批踢踢實業坊,zer…,Fri May 13 19:52:43 2016,https://www.ptt.cc/man/SMSlife/DF24/DB55/M.1463163655.A.A2B.html,200,803,2,是非113 是非114,163T 新增考古題,以題幹前 22 個字（去標點空白）是否出現在文章內判定；改寫過的題目不會被算到
P05,[心得] 179T新訓新增考古題,you…,Sun Jul 30 14:45:12 2017,https://www.ptt.cc/bbs/SMSlife/M.1501397115.A.080.html,200,882,6,是非115 是非117 是非118 選擇86 選擇87 選擇88,179T 新增題,以題幹前 22 個字（去標點空白）是否出現在文章內判定；改寫過的題目不會被算到
P06,[心得] 205梯 社家署(心得+考古)+成功嶺,tal…,Wed Oct  9 15:29:03 2019,https://www.ptt.cc/bbs/SMSlife/M.1570606145.A.5AC.html,200,2584,0,,205T 新增題與心得,以題幹前 22 個字（去標點空白）是否出現在文章內判定；改寫過的題目不會被算到
P07,[心得]代PO 219梯社家屬+新增考古題,kcj…,Tue Jan 12 13:23:48 2021,https://www.ptt.cc/bbs/SMSlife/M.1610429030.A.A43.html,200,3886,0,,219T 新增題,以題幹前 22 個字（去標點空白）是否出現在文章內判定；改寫過的題目不會被算到
P08,[考題] 成功嶺替代役新訓考古題2020版 ,den…,Fri Sep  4 23:23:34 2020,https://www.ptt.cc/bbs/SMSlife/M.1599233018.A.ADD.html,200,353,0,,2020 年彙編更新公告,以題幹前 22 個字（去標點空白）是否出現在文章內判定；改寫過的題目不會被算到
P09,[心得] 成功嶺替代役新訓考古題2022版,are…,Tue Aug 23 20:13:23 2022,https://www.ptt.cc/bbs/SMSlife/M.1661256805.A.985.html,200,324,0,,2022 年彙編更新公告,以題幹前 22 個字（去標點空白）是否出現在文章內判定；改寫過的題目不會被算到
