bank,id,origin,options_by,source_compare,answer,lengths,longest_gap,unique_longest,sole_english_answer,prefixed_options,question,options
新訓,MC-001,compiled_verbatim,,逐字,D,11/17/12/4,0,0,0,0,替代役男申訴案件有下列情形之一者，得不予處理,未具真實姓名及服勤單位 ／ 同一申訴事由，經答覆後，再提出申訴 ／ 非屬申訴救濟範圍內之事項 ／ 以上皆是
新訓,MC-002,compiled_verbatim,,逐字,C,2/2/7/4,3,1,0,0,獎懲應以書面通知之種類為,申誡 ／ 罰勤 ／ 輔導教育及罰薪 ／ 以上皆是
新訓,MC-003,compiled_verbatim,,逐字,A,2/2/2,0,0,0,0,替代役男傷病經鑑定不堪服役者，應為？,停役 ／ 禁役 ／ 免役
新訓,MC-004,compiled_verbatim,,逐字,C,2/2/2/3,0,0,0,0,列級貧困徵屬發給生活扶助金同戶生活者最高以幾口為限？,2口 ／ 4口 ／ 6口 ／ 8口。
新訓,MC-005,compiled_verbatim,,逐字,B,5/3/3,0,0,0,0,徒手基本教練以中隊為單位，由各中隊值星區隊長或分隊長對各分隊實施立正、稍息、停止間轉法等操作，由鑑測官對役男個人實施評分，其成績所佔比例為？,22.5% ／ 25% ／ 30%
新訓,MC-006,compiled_verbatim,,逐字,B,2/3/3/3,0,0,0,0,依據替代役實施條例第53條規定：一般替代役役男與第一階段研發替代役役男違抗監督長官之勤務命令者，處一年以下有期徒刑、拘役或科或併科新臺幣幾萬元以下罰金？,5萬 ／ 10萬 ／ 15萬 ／ 20萬
新訓,MC-007,compiled_adapted,,後製改寫,D,2/2/3/3,0,0,0,0,替代役役男因配偶妊娠產檢或分娩，核給陪產檢及陪產假七日，得分次申請。陪產之請假應於配偶分娩之當日及其前後合計幾日期間內為之？,5日 ／ 7日 ／ 10日 ／ 15日
新訓,MC-008,compiled_minor,,逐字,C,4/4/4,0,0,0,0,撫恤受益人收到傷殘或死亡通報後，認為核定種類不符時，得於收到通報之隔日起幾個月內，向主管機關申請重核？,一個月內 ／ 二個月內 ／ 三個月內
新訓,MC-009,compiled_verbatim,,逐字,A,6/6/7,0,0,0,0,替代役役男入營後，其替代役役男一般保險及團體意外險受益人指定書應由誰填寫？,役男本人填寫 ／ 寄給親屬填寫 ／ 請訓練單位代填
新訓,MC-010,compiled_verbatim,,逐字,B,4/9/3,5,1,0,0,替代役男接受軍事基礎訓練期間申請驗退，應向何單位辦理？,縣市政府 ／ 役政署替代役訓練班 ／ 國防部
新訓,MC-011,compiled_verbatim,,逐字,D,3/3/3/3,0,0,0,0,罰勤，假日以幾小時為限？,二小時 ／ 四小時 ／ 六小時 ／ 八小時
新訓,MC-012,compiled_adapted,,逐字,A,3/3/5/5,0,0,0,0,軍事基礎訓練學科測驗以替代役法令等專業課程為主，由授課講座提供考題，比例佔軍事基礎訓練成績百分之幾？,45% ／ 40% ／ 22.5% ／ 42.5%
新訓,MC-013,compiled_adapted,,後製改寫,D,2/2/2/3,1,1,0,0,替代役役男一般保險之保險受益人，自通知保險給付之日起，逾幾年不行使即喪失其領受保險給付權利？,2年 ／ 3年 ／ 5年 ／ 10年
新訓,MC-014,compiled_verbatim,,逐字,B,3/7/13,0,0,0,0,替代役役男如於103年12月20退役，其12月份全月之全民健保費應由,內政部 ／ 替代役役男本人 ／ 內政部與替代役役男平均分擔
新訓,MC-015,compiled_verbatim,,逐字,A,6/4/4/4,2,1,0,0,替代役男退役後役籍受何機關管理？,鄉鎮市區公所 ／ 縣市政府 ／ 需用機關 ／ 主管機關
新訓,MC-016,compiled_verbatim,,逐字,A,4/4/4/5,0,0,0,0,替代役男因何種資格得申請返家住宿？,家庭因素 ／ 專長資格 ／ 一般資格 ／ 替代役體位
新訓,MC-017,compiled_verbatim,,逐字,C,4/4/5/6,0,0,0,0,依一般替代役役男訓練服勤辦法規定，需用單位專業訓練時間為多久,1-8周 ／ 2-8周 ／ 1-12周 ／ 2-12周。
新訓,MC-018,compiled_verbatim,,逐字,B,3/3/3/3,0,0,0,0,替代役男因疾病必須治療或休養，核給病假，一次以幾日為限？,28日 ／ 30日 ／ 35日 ／ 60日
新訓,MC-019,compiled_verbatim,,逐字,B,4/4/4/12,0,0,0,0,替代役之專業訓練，由,主管機關 ／ 需用單位 ／ 服勤單位 ／ 直轄市、縣(市)政府辦理
新訓,MC-020,compiled_verbatim,,逐字,D,10/8/10/10,0,0,0,0,替代役男對下列何種之懲處不服時，得提出申訴。,記過、罰勤、輔導教育 ／ 記過、申誡、罰薪 ／ 記過、輔導教育、申誡 ／ 輔導教育、罰薪、記過
新訓,MC-021,compiled_verbatim,,逐字,C,2/2/4,2,1,0,0,替代役男發生傷殘者，下列何者為受益人？,父母 ／ 配偶 ／ 役男本人
新訓,MC-022,compiled_verbatim,,逐字,B,5/4/2/4,0,0,0,0,替代役役男殘廢，其保險給付金受益人為,指定之家屬 ／ 役男本人 ／ 父母 ／ 兄弟姊妹
新訓,MC-023,compiled_verbatim,,逐字,C,3/4/6,2,1,0,0,役男服替代役期間，符合家庭因素服替代役之條件者，得向何機關提出申請？,內政部 ／ 需用機關 ／ 鄉鎮市區公所
新訓,MC-024,compiled_verbatim,,逐字,A,3/4/4,0,0,0,0,役男服勤期間申請因病停役是由哪個單位核定停役？,內政部 ／ 需用機關 ／ 服勤單位
新訓,MC-025,compiled_verbatim,,逐字,C,4/5/4/9,0,0,0,0,替代役役男得經幹部在職訓練合格後，核定為管理幹部，其員額以不超過需用機關服勤替代役役男總人數之,五分之一 ／ 二十分之一 ／ 十分之一 ／ 十五分之一　為原則。
新訓,MC-026,compiled_verbatim,,逐字,B,4/7/4/17,0,0,0,0,替代役役男之全民健康保險是由,主管機關 ／ 中央健康保險局 ／ 需用機關 ／ 縣市政府　依全民健康保險法規定辦理。
新訓,MC-027,compiled_verbatim,,逐字,D,2/2/2/6,4,1,0,0,替代役役男受輔導教育最長（含延長一次）以,4週 ／ 6週 ／ 8週 ／ 16週 為限。
新訓,MC-028,compiled_minor,,逐字,A,4/5/5/5,0,0,0,0,替代役役男發生死亡，依法給予之年撫恤金年限雖然屆滿，而子女尚未成年者，得繼續給卹至成年；或子女雖已成年，學校教育未中斷者，得繼續撫卹至,大學畢業 ／ 研究所畢業 ／ 博士班畢業 ／ 高中畢業。
新訓,MC-029,compiled_verbatim,,逐字,B,3/3/3/4,0,0,0,0,替代役役男服役期間因父親死亡，核給喪假,20日 ／ 15日 ／ 14日 ／ 10日。
新訓,MC-030,compiled_verbatim,,逐字,D,3/3/3/3,0,0,0,0,替代役男服役期間因配偶母親死亡，核給喪假,20日 ／ 15日 ／ 14日 ／ 10日
新訓,MC-031,compiled_verbatim,,逐字,B,3/3/3/4,0,0,0,0,替代役男服役期間因養父母死亡，核給喪假,20日 ／ 15日 ／ 14日 ／ 10日。
新訓,MC-032,compiled_verbatim,,逐字,C,2/2/3/4,0,0,0,0,替代役役男因繼父母死亡，核給喪假,3日 ／ 5日 ／ 10日 ／ 15日。
新訓,MC-033,compiled_verbatim,,逐字,A,3/5/5/11,0,0,0,0,替代役役男之各類保險費，由,內政部 ／ 各需用機關 ／ 各服勤單位 ／ 縣市政府　編列預算支付。
新訓,MC-034,compiled_verbatim,,逐字,A,2/2/2/3,0,0,0,0,替代役役男因公失蹤，在地面滿幾年，在海上或空中滿6個月查無下落者，依因公死亡辦理一般保險死亡給付,1年 ／ 3年 ／ 5年 ／ 7年。
新訓,MC-035,compiled_verbatim,,逐字,C,3/3/3/3,0,0,0,0,替代役男因公失蹤，在地面滿1年，在海上或空中滿幾個月查無下落者，依因公死亡辦理撫卹？,1個月 ／ 3個月 ／ 6個月 ／ 9個月
新訓,MC-036,compiled_verbatim,,逐字,B,3/2/3/4,0,0,0,0,替代役役男因病或意外死亡，其遺族為獨子之父母或無子女之配偶，其年撫卹金得發給,20年 ／ 終身 ／ 30年 ／ 10年。
新訓,MC-037,compiled_adapted,,後製改寫,D,2/2/2/3,1,1,0,0,撫卹金領受權利之時效，自請卹或請領事由發生之次月起，經過幾年不行使而消滅？,3年 ／ 5年 ／ 7年 ／ 10年
新訓,MC-038,compiled_verbatim,,逐字,B,4/4/4/5,0,0,0,0,替代役役男因公傷殘，一等殘給與終身，每年給與,2個基數 ／ 4個基數 ／ 5個基數 ／ 7個基數。
新訓,MC-039,compiled_minor,,逐字,D,2/2/2/6,4,1,0,0,3000公尺徒手跑步：占成績22.5%15%；以中隊為單位，採不脫隊方式實施測驗， 落後中隊未超過1圈，超過20分鐘且於23分鐘內完成全程者，以,50 ／ 60 ／ 70 ／ 80分　採計。
新訓,MC-040,compiled_adapted,,後製改寫,C,3/3/3/3,0,0,0,0,替代役役男結婚，依《替代役役男請假規則》得核給婚假幾日？（婚假可分次申請，但應於結婚之日起三個月內請畢）,10日 ／ 12日 ／ 14日 ／ 15日
新訓,MC-041,compiled_verbatim,,逐字,B,4/9/3/7,2,1,0,0,役男接受軍事基礎訓練期間申請驗退，應向何單位辦理？,縣市政府 ／ 役政署替代役訓練班 ／ 國防部 ／ 鄉鎮市區公所。
新訓,MC-042,compiled_verbatim,,逐字,B,7/5/3/4,0,0,0,0,役男驗退或停役後，由何單位判定體位,替代役訓練中心 ／ 直轄市、縣 ／ 內政部 ／ 國防部。
新訓,MC-043,compiled_verbatim,,逐字,A,2/2/2/3,0,0,0,0,替代役役男經診斷確定罹患足以危害團體健康及安全之疾病者，停服替代役，稱為,停役 ／ 禁役 ／ 免役 ／ 退役。
新訓,MC-044,compiled_verbatim,,逐字,B,3/10/3/31,0,0,0,0,中華民國男子年滿,18歲 ／ 18歲之翌年1月1日 ／ 20歲 ／ 16歲　起，於徵兵檢查為常備役體位者，得依志願申請服一般替代役。
新訓,MC-045,compiled_verbatim,,逐字,A,2/2/2/4,0,0,0,0,應徵服替代役役男應憑徵集令影本，於入營前向原投保單位辦理全民健保,轉出 ／ 續保 ／ 加保 ／ 退保手續
新訓,MC-046,compiled_verbatim,,逐字,B,2/2/2/12,0,0,0,0,替代役役男擅離替代役職累計逾,5日 ／ 7日 ／ 8日 ／ 10日，即應停服替代役。
新訓,MC-047,compiled_minor,,逐字,A,8/8/5/8,0,0,0,0,常被役體位因宗教因素服替代役役期為,較常備兵長兩個月 ／ 較常備兵長四個月 ／ 與常備兵同 ／ 較常備兵長15日
新訓,MC-048,compiled_verbatim,,逐字,C,3/3/3/6,0,0,0,0,替代役役男違反勤務規定，予以罰薪時，扣除月薪10%至30%，以,1個月 ／ 2個月 ／ 3個月 ／ 6個月為限。
新訓,MC-049,compiled_verbatim,,逐字,C,3/3/3/20,0,0,0,0,替代役男因公受傷,1年內 ／ 2年內 ／ 3年內 ／ 5年內 傷發死亡者，比照因公死亡標準给卹。
新訓,MC-050,compiled_verbatim,,逐字,C,3/3/3/9,0,0,0,0,役男入營後，因體格不適服替代役者，應於,15天 ／ 18天 ／ 30天 ／ 35天內辦理驗退。
新訓,MC-051,compiled_verbatim,,逐字,B,4/9/3/6,3,1,0,0,役男接受基礎訓練期間申請驗退，應向何單位辦理？,縣市政府 ／ 役政署替代役訓練班 ／ 國防部 ／ 鄉鎮市區公所
新訓,MC-052,compiled_verbatim,,逐字,C,2/2/2/4,0,0,0,0,替代役男經通緝、羈押者應予,禁役 ／ 免役 ／ 停役 ／ 提前退役
新訓,MC-053,compiled_verbatim,,逐字,B,3/3/4/10,0,0,0,0,替代役役男事假按時數請假以,4小時 ／ 8小時 ／ 12小時 ／ 24小時，折算一日。
新訓,MC-054,compiled_minor,,後製改寫,C,2/3/2/2,0,0,0,0,獎懲機關(單位)對替代役役男何種獎懲時，應召開會議審議？,罰勤 ／ 榮譽價 ／ 罰薪 ／ 嘉獎
新訓,MC-055,compiled_verbatim,,逐字,A,4/4/5/6,0,0,0,0,宗教因素申請服一般替代役經核定者，其基礎訓練併同專業訓練，由何機關處理？,需用機關 ／ 主管機關 ／ 國防部辦理 ／ 替代役訓練班
新訓,MC-056,compiled_verbatim,,逐字,C,2/7/2,0,0,0,0,替代役役男一般保險，被保險人指定其他親友為受益人，其結婚後未申請變更受益人而死亡者，其死亡給付應發给其,親友 ／ 親友與配偶均分 ／ 配偶
新訓,MC-057,compiled_verbatim,,逐字,A,3/4/10,0,0,0,0,替代役役男於服役期間因傷病，於全民健康保險事業服務機構就醫時，其依全民健康保險法規定，應自行負擔之醫療費用由誰負擔？,內政部 ／ 役男本人 ／ 內政部與役男平均分擔
新訓,MC-058,compiled_minor,,逐字,B,3/3/4/10,0,0,0,0,替代役役男事假按時數請假時，以,4小時 ／ 8小時 ／ 12小時 ／ 24小時 ，折算一日。
新訓,MC-059,compiled_verbatim,,逐字,C,4/4/4/7,0,0,0,0,替代役役男勤務編組、分配由,主管機關 ／ 需用機關 ／ 服勤單位 ／ 服勤處所負責。
新訓,MC-060,compiled_verbatim,,逐字,B,3/4/10,0,0,0,0,替代役役男於服役期，依健保法第31條規定，補充保費相關費用由誰負擔？,內政部 ／ 役男本人 ／ 內政部與役男平均分擔
新訓,MC-061,compiled_verbatim,,逐字,A,4/4/4/4,0,0,0,0,替代役管理幹部最高上限為需用機關服勤役男總數,十分之一 ／ 十分之二 ／ 百分之五 ／ 百分十五
新訓,MC-062,compiled_minor,,逐字,A,4/4/4/4,0,0,0,0,何種應依業務需要，訂定一般替代役役男服勤管理規定，送請主管機關備查？,需用機關 ／ 訓練單位 ／ 服勤單位 ／ 服勤處所
新訓,MC-063,compiled_verbatim,,逐字,B,5/5/5/3,0,0,0,0,替代役役男受輔導教育期間核给,婚假、事假 ／ 喪假、病假 ／ 例假、公假 ／ 陪產假
新訓,MC-064,compiled_verbatim,,逐字,B,2/3/3,0,0,0,0,受徵服替代役之役男已向原投保單位辦理全民表轉出手續後，是否須向內政部辦理轉入手續？,需要 ／ 不需要 ／ 都可以
新訓,MC-065,compiled_verbatim,,逐字,B,3/7/13,0,0,0,0,替代役役男服役期間因傷病，於全民健康保險醫事服務機關就醫時，其掛號費由誰負擔？,內政部 ／ 替代役役男本人 ／ 內政部與替代役役男平均分擔
新訓,MC-066,compiled_verbatim,,逐字,D,10/12/10/10,0,0,0,0,替代役役男服何優先分發(調返)戶籍地或附近地區服役申請條件，應向何單位申請？,直轄市、縣(市)政府 ／ 內政部役政府替代役訓練班 ／ 鄉(鎮、市、區)公所 ／ 需用機關(服勤單位)
新訓,MC-067,compiled_verbatim,,逐字,A,6/4/7,0,0,0,0,替代役役男服服役期間，其原填列之替代役男一般保險及團體意外保險受益人如需變更，其異動通知書應,役男本人填寫 ／ 寄給親屬 ／ 請訓練單位代填
新訓,MC-068,compiled_minor,,逐字,C,2/2/2/12,0,0,0,0,替代役役男無故去職累積逾,1日 ／ 2日 ／ 7日 ／ 10日者函送司法機關偵辦
新訓,MC-069,compiled_verbatim,,逐字,C,2/2/2/5,0,0,0,0,替代役役男參加與職務無關之體育比賽及其他學術性活動，機關得核給,公差 ／ 公假 ／ 事假 ／ 以上皆可。
新訓,MC-070,compiled_verbatim,,逐字,B,3/3/3/4,0,0,0,0,替代役男入營後，體格不適服替代役者，應於幾日內辦理驗退？,28天 ／ 30天 ／ 31天 ／ 35天。
新訓,MC-071,compiled_verbatim,,逐字,B,5/10/4/4,5,1,0,0,替代役役男對懲處不服時，應向何機關申訴,原懲處機關 ／ 原懲處機關之上級機關 ／ 主管機關 ／ 需用機關
新訓,MC-072,compiled_verbatim,,逐字,D,2/4/16/4,0,0,0,0,替代役實施條例所指家屬是下列何者,配偶 ／ 直系血親 ／ 其他依法規受其扶養而共同生活之人 ／ 以上皆是
新訓,MC-073,compiled_verbatim,,逐字,C,4/4/11/5,6,1,0,0,替代役役男罰勤由,主管機關 ／ 需用機關 ／ 服勤單位及訓練單位核處 ／ 以上皆可。
新訓,MC-074,compiled_verbatim,,逐字,B,3/3/3/4,0,0,0,0,替代役男因疾病必須治療或休養，核給病假，一次以幾日為限,28日 ／ 30日 ／ 35日 ／ 60日。
新訓,MC-075,compiled_verbatim,,逐字,B,7/2/2/3,0,0,0,0,替代役如申請保留學籍或入學資格者，於退役幾年內，憑退役證明書向原學校申請復學或入學；並應依學校通知之報到期間向原學校報到，無故逾期1個月未報到者，視為自行放棄,半年(6個月) ／ 1年 ／ 3年 ／ 5年。
新訓,MC-076,compiled_adapted,,逐字,C,2/2/2/3,0,0,0,0,依現行《替代役役男請假規則》，替代役役男因配偶妊娠產檢或分娩，得核給陪產檢及陪產假幾日？,3日 ／ 5日 ／ 7日 ／ 10日
新訓,MC-077,compiled_verbatim,,逐字,D,22/10/27/21,0,0,0,0,替代役役男有下列情形，停服替代役，稱為停役？,經診斷確定罹患足以危害團體健康及安全之疾病者 ／ 傷病經鑑定不堪服役者 ／ 經通緝、羈押或經觀察勒戒或宣告徒刑、拘役確定在執行中者 ／ 以上皆是。前項停役期間，不算入替代役役期。
新訓,MC-078,compiled_verbatim,,逐字,B,2/2/2/5,0,0,0,0,替代役役男出庭作證，得核給,公差 ／ 公假 ／ 事假 ／ 以上皆可。
新訓,MC-079,compiled_verbatim,,逐字,D,49/17/20/5,0,0,0,0,替代役役男應履行下列義務？,遵守政府機關之相關法令，遵守主管機關、需用機關與其所屬服勤單位及用人單位所定之服勤管理規定及命令。 ／ 對公務有保守秘密之責任，除役後亦同 ／ 服役期間不得從事兼職、兼差及其它營利行為 ／ 以上皆是。
新訓,MC-080,compiled_verbatim,,逐字,B,2/2/4/3,0,0,0,0,替代役役男破壞公物可,禁足 ／ 罰薪 ／ 輔導教育 ／ 罰勤。
新訓,MC-081,compiled_verbatim,,逐字,A,26/4/14/10,12,1,0,0,替代役役男有下列何種情形，得施予輔導教育,未經准假，擅離服勤、訓練、或指定住宿場所累計三日以上 ／ 破壞公物 ／ 濫權、越權或執行勤務顯失公正 ／ 酗酒滋事，情節輕微。
新訓,MC-082,compiled_verbatim,,逐字,C,2/2/2/4,0,0,0,0,替代役役男罰薪、輔導教育，由服勤單位提出，請需用機關核定，幾日內請主管機關備查,3日 ／ 5日 ／ 7日 ／ 10日。
新訓,MC-083,compiled_verbatim,,逐字,B,2/2/3/4,0,0,0,0,一般替代役役男無故離去職役已逾3日者，其訓練或服勤單位應發出離役通報，並請警察機關協尋，累計逾幾日者，函請司法機關究辦，並副知需用機關？,5日 ／ 7日 ／ 10日 ／ 12日。
新訓,MC-084,compiled_adapted,,逐字,C,3/3/3/3,0,0,0,0,受申訴機關處理期限為,20日 ／ 28日 ／ 30日 ／ 35日
新訓,MC-085,compiled_verbatim,,逐字,A,4/5/5/4,0,0,0,0,替代役男發生死亡，依法給予之年撫卹金年限雖然屆滿，而子女尚未成年者，得繼續给卹至成年;或子女雖已成年，學校教育未中斷者，得繼撫卹至,大學畢業 ／ 研究所畢業 ／ 博士班畢業 ／ 高中畢業
新訓,MC-086,site_authored,,自編或未有逐字選項,C,3/3/5/3,2,1,0,0,依《志願服務法》規定，全國志願服務之中央主管機關為下列何者？,內政部 ／ 教育部 ／ 衛生福利部 ／ 勞動部
新訓,MC-087,site_authored,,自編或未有逐字選項,C,9/9/9/9,0,0,0,0,志工志願服務年資滿幾年，且服務時數達多少小時以上，得申請核發「志願服務榮譽卡」？,滿1年，150小時 ／ 滿2年，200小時 ／ 滿3年，300小時 ／ 滿3年，500小時
新訓,MC-088,site_authored,,自編或未有逐字選項,B,12/12/12/12,0,0,0,0,持有志願服務榮譽卡之志工，依法可享有下列何項具體權益或優待？,搭乘國內大眾運輸工具半價 ／ 免費進入收費之公立風景區 ／ 公立醫院就醫免收部分負擔 ／ 每月領取定額志工服務津貼
新訓,MC-089,site_authored,,自編或未有逐字選項,C,12/12/13/12,1,1,0,0,關於志願服務運用單位對於志工應盡之義務，下列敘述何者錯誤？,應為志工辦理意外事故保險 ／ 應提供志工必要之教育訓練 ／ 得要求志工無償代簽行政處分 ／ 應發給志工證及服務紀錄冊
新訓,MC-090,site_authored,,自編或未有逐字選項,B,9/9/8/9,0,0,0,0,步槍實彈射擊八大要領口訣「托、抵、握、貼、瞄、停、扣、報」中，「停」代表的意思為何？,射擊完畢後停止動作 ／ 擊發前暫時停止呼吸 ／ 扣扳機後停留十秒 ／ 聽到口令後停止射擊
新訓,MC-091,site_authored,,自編或未有逐字選項,A,8/8/8/8,0,0,0,0,步槍故障排除「拍、拉、看、瞄、射」五大步驟中，「拍」主要之操作目的為何？,拍緊彈匣確認到位 ／ 拍打槍管幫助散熱 ／ 拍擊槍托調整位置 ／ 拍打槍機排除卡彈
新訓,MC-092,site_authored,,自編或未有逐字選項,C,10/10/10/10,0,0,0,0,實彈射擊時，關於「扣扳機」之正確動作要領，下列敘述何者最正確？,用食指根部快速扣到底 ／ 用食指第二節向側邊壓 ／ 用食指指腹平順向後扣 ／ 用食指與中指一起扣引
新訓,MC-093,site_authored,,自編或未有逐字選項,D,9/10/10/11,1,1,0,0,在靶場實彈射擊進行中，指揮官下達「停止射擊」口令時，射手第一時間應採取之動作為何？,把剩餘子彈迅速打完 ／ 自行卸下彈匣檢查槍膛 ／ 起立轉身向指揮官報告 ／ 停止扣引，槍口保持朝靶
新訓,MC-094,site_authored,,自編或未有逐字選項,C,2/3/3/3,0,0,0,0,替代役役男因父母或配偶死亡，依法得核給喪假幾日？,5日 ／ 10日 ／ 15日 ／ 20日
新訓,MC-095,site_authored,,自編或未有逐字選項,A,6/7/7/11,0,0,0,0,替代役役男服役期間，因公傷殘給予年撫卹金之年限規定，下列何者正確？,一等給與終身 ／ 二等給與20年 ／ 三等給與15年 ／ 重度機能障礙給與20年
新訓,MC-096,site_authored,,自編或未有逐字選項,C,2/2/2/3,0,0,0,0,依《替代役實施條例》規定，替代役役男無故擅離職役累計逾幾日者，即屬觸犯刑法，應函送司法機關偵辦？,3日 ／ 5日 ／ 7日 ／ 10日
新訓,MC-097,site_authored,,自編或未有逐字選項,B,11/11/11/11,0,0,0,0,替代役役男違反生活或服勤管理規定，施以「罰勤」懲處時，平日與例假日之每日時數上限分別為？,平日1小時，假日4小時 ／ 平日2小時，假日8小時 ／ 平日3小時，假日6小時 ／ 平日4小時，假日8小時
新訓,MC-098,site_authored,,自編或未有逐字選項,B,16/16/16/13,0,0,0,0,替代役役男違反生活及勤務規定施以「罰薪」處分時，其扣除當月份薪資百分比與最長期限為？,扣除10%至20%，以1個月為限 ／ 扣除10%至30%，以3個月為限 ／ 扣除20%至50%，以6個月為限 ／ 扣除全部月薪，以2個月為限
新訓,MC-257-01,site_authored,,自編或未有逐字選項,C,3/3/3/8,0,0,0,0,實彈射擊實施時，槍械到達靶場後應由何人統一指揮下達驗槍程序？,分隊長 ／ 區隊長 ／ 中隊長 ／ 實彈射擊役男本人
新訓,MC-257-02,site_authored,,自編或未有逐字選項,B,10/10/10/11,0,0,0,0,步槍「箱上瞄準」訓練測驗之合格標準與要求為？,3分鐘內畫2個三角形 ／ 5分鐘內畫3個三角形 ／ 8分鐘內畫4個三角形 ／ 10分鐘內畫5個三角形
新訓,MC-257-03,paper_adapted,,自編或未有逐字選項,A,3/3/3/10,0,0,0,0,依《替代役實施條例》規定，替代役之法定主管機關為下列何者？,內政部 ／ 國防部 ／ 行政院 ／ 直轄市、縣(市)政府
新訓,MC-257-04,site_authored,,自編或未有逐字選項,D,3/3/3/3,0,0,0,0,依役男獎懲規定，替代役役男違反生活及勤務規定予以「罰勤」時，例假日每日以幾小時為限？,2小時 ／ 4小時 ／ 6小時 ／ 8小時
新訓,MC-257-05,site_authored,,自編或未有逐字選項,C,3/3/3/3,0,0,0,0,役男入營後，因體格不適服替代役者，應於入營幾天內辦理驗退？,15天 ／ 20天 ／ 30天 ／ 45天
新訓,MC-DOC2-01,compiled_adapted,,逐字,C,2/2/3/3,0,0,0,0,一般替代役役男當月退役退伍，其年終工作獎金依法應於退役當月之哪一日發放逕入郵局帳戶？,1日 ／ 5日 ／ 15日 ／ 25日
新訓,MC-DOC2-02,compiled_adapted,,後製改寫,B,5/5/5/5,0,0,0,0,役男與同戶籍之兄弟姊妹2人以上同時服役，各人之剩餘役期在多久以上，且均未於戶籍地服役，得申請優先分發或調返戶籍地或附近地區之服勤單位（處所）服役？,1個月以上 ／ 2個月以上 ／ 4個月以上 ／ 6個月以上
新訓,MC-DOC2-03,compiled_adapted,,後製改寫,C,10/6/9/4,0,0,0,0,現役替代役役男符合提前退役規定時，應經由何機關核定？,直轄市、縣（市）政府 ／ 鄉鎮市區公所 ／ 主管機關（內政部） ／ 服勤單位
新訓,MC-DOC2-04,compiled_adapted,,後製改寫,A,4/7/4/10,0,0,0,0,替代役役男之管理幹部由何機關甄選，並於實施在職訓練合格後，負責擔任領導及考核工作？,需用機關 ／ 主管機關內政部 ／ 服勤單位 ／ 直轄市、縣(市)政府
新訓,MC-DOC2-05,compiled_adapted,,後製改寫,C,16/14/20/20,0,0,0,0,行政院核定83年次以後出生之常備役體位於國內地區服一般替代役之役期為？,與常備兵軍事訓練役相同(4個月) ／ 較常備兵軍事訓練役期長15日 ／ 較常備兵軍事訓練役期長2個月(共6個月) ／ 較常備兵軍事訓練役期長4個月(共8個月)
新訓,MC-DOC2-06,compiled_adapted,,後製改寫,D,4/4/4/4,0,0,0,0,依《替代役役男服役期滿後召集服勤實施辦法》規定，備役役男於平時演習或訓練時，需接受下列何種召集？,動員召集 ／ 勤務召集 ／ 教育召集 ／ 演訓召集
新訓,MC-DOC2-07,compiled_adapted,,後製改寫,C,6/6/7/11,0,0,0,0,替代役役男除家庭因素經核准返家住宿者外，其平時服勤之住宿方式採？,一律集中住宿 ／ 一律返家住宿 ／ 集中或個別住宿 ／ 由役男自行租屋個別住宿
新訓,MC-DOC2-09,compiled_adapted,,後製改寫,A,3/3/3/3,0,0,0,0,下列哪一個替代役役別，其主要勤務服務對象為兒童與少年、老人與傷病榮民及身心障礙者？,社會役 ／ 消防役 ／ 警察役 ／ 環保役
新訓,MC-DOC2-10,compiled_adapted,,後製改寫,B,9/11/10/10,1,1,0,0,替代役役男非因公傷病前往「國軍醫療院所」就醫時，其門診掛號費依法應由何者負擔？,替代役役男本人負擔 ／ 主管機關內政部全額負擔 ／ 內政部與役男平均分擔 ／ 役男所屬服勤單位負擔
新訓,MC-257-06,site_authored,,自編或未有逐字選項,D,6/6/6/6,0,0,0,0,T65K2步槍槍口避火罩的主要功用為何？【257T彙編考點】,降低射擊聲音 ／ 減少後座力道 ／ 提高子彈初速 ／ 減低槍口火光
新訓,MC-257-07,site_authored,,自編或未有逐字選項,A,15/12/15/11,0,0,0,0,T65K2步槍的0至3覘孔與3至8覘孔分別適用哪段距離？,0至300、300至800公尺 ／ 0至30、30至80公尺 ／ 300至800、0至300公尺 ／ 兩者均為0至300公尺
新訓,MC-257-08,site_authored,,自編或未有逐字選項,C,13/13/12/12,0,0,0,0,關於T65K2步槍分解與結合的場地規定，下列敘述何者正確？【257T彙編考點】,草地可以分解結合，砂地不可 ／ 鋪上雨衣即可在砂地分解結合 ／ 草地與砂地都不可分解結合 ／ 草地與砂地都可以分解結合
新訓,MC-257-09,site_authored,,自編或未有逐字選項,D,13/15/13/16,1,1,0,0,依射擊訓練安全規定，非操作時間之槍枝管制規定為何？【257T彙編考點】,役男可自行取槍加強瞄準練習 ／ 集放處不必派哨，由安全軍官總管 ／ 役男可互相借槍檢查彼此槍機 ／ 不得個人取槍瞄準，集放處派槍前哨
新訓,MC-257-10,site_authored,,自編或未有逐字選項,A,8/8/8/8,0,0,0,0,射擊口訣八大要領為何？【257T彙編考點】,托抵握貼瞄停扣報 ／ 托握貼瞄抵扣報停 ／ 抵托握貼瞄停報扣 ／ 瞄貼握抵托停扣報
新訓,MC-257-11,site_authored,,自編或未有逐字選項,B,6/6/5/5,0,0,0,0,彙編資料記載，T65K2步槍由哪一單位開發？,聯勤202廠 ／ 聯勤205廠 ／ 海軍造船廠 ／ 空軍修護廠
新訓,MC-099,compiled_verbatim,,逐字,C,4/5/2/4,0,0,0,0,替代役役男發生死亡，依法給予之年撫卹金年限雖然屆滿，而子女尚未成年者，得繼續給卹至,大學畢業 ／ 研究所畢業 ／ 成年 ／ 高中畢業
新訓,MC-100,compiled_verbatim,,逐字,C,9/9/6/9,0,0,0,0,常備役體位因家庭因素服替代役者役期為,較常備兵役長2個月 ／ 較常備兵役長4個月 ／ 與常備兵役同 ／ 較常備兵役長15日
新訓,MC-101,compiled_verbatim,,逐字,D,8/5/7/4,0,0,0,0,替代役役男懲處種類包含哪些？,罰勤、禁足、罰站 ／ 申誡、記過 ／ 罰薪、輔導教育 ／ 以上皆是
新訓,MC-102,paper_verbatim,,自編或未有逐字選項,D,2/2/2/2,0,0,0,0,需用機關對服勤單位提出的罰薪或輔導教育懲處案件，應於幾日內核定？,三日 ／ 五日 ／ 七日 ／ 十日
EMT來源,EMT-P1-01,recalled,site,自編或未有逐字選項,A,9/10/9/10,0,0,0,0,《緊急醫療救護法》是在哪一天公布的？,民國 84 年 8 月 9 日 ／ 民國 86 年 7 月 11 日 ／ 民國 89 年 2 月 2 日 ／ 民國 96 年 7 月 11 日
EMT來源,EMT-P1-02,recalled,site,自編或未有逐字選項,B,7/5/5/5,0,0,0,0,下列何者不屬於緊急傷病患？,突然昏迷的病人 ／ 牙痛的病人 ／ 溺水的病人 ／ 急產的孕婦
EMT來源,EMT-P1-03,recalled,site,自編或未有逐字選項,C,2/2/2/3,0,0,0,0,救護紀錄表依法至少要保存幾年？,3 年 ／ 5 年 ／ 7 年 ／ 10 年
EMT來源,EMT-P1-04,recalled,site,自編或未有逐字選項,C,13/14/14/15,0,0,0,0,救護車不是情況緊急卻使用警鳴器及紅色閃光燈，依《緊急醫療救護法》第 42 條的罰鍰是多少？,新臺幣 1 萬元以上 5 萬元以下 ／ 新臺幣 3 萬元以上 15 萬元以下 ／ 新臺幣 6 萬元以上 30 萬元以下 ／ 新臺幣 10 萬元以上 50 萬元以下
EMT來源,EMT-P1-05,recalled,site,自編或未有逐字選項,D,4/7/7/8,1,1,0,0,下列哪一項，初級救護技術員不得施行？,給予氧氣 ／ 使用口咽呼吸道 ／ 使用鼻咽呼吸道 ／ 使用聲門上呼吸道
EMT來源,EMT-P1-06,recalled,site,自編或未有逐字選項,B,4/4/4/4,0,0,0,0,初級救護技術員在證書效期三年內，要完成多少小時的繼續教育才能申請展延？,12 小時 ／ 24 小時 ／ 36 小時 ／ 72 小時
EMT來源,EMT-P1-07,recalled,site,自編或未有逐字選項,B,2/2/2/2,0,0,0,0,依《緊急醫療救護法》第 18 條，救護車出勤至少要有幾名救護人員？,1 名 ／ 2 名 ／ 3 名 ／ 4 名
EMT來源,EMT-P1-08,recalled,site,自編或未有逐字選項,C,2/2/2/4,0,0,0,0,上呼吸道與下呼吸道以哪裡為分界？,鼻咽 ／ 會厭 ／ 聲門 ／ 氣管隆凸
EMT來源,EMT-P1-09,recalled,source,來源轉錄,B,4/4/4/4,0,0,0,0,哪一個解剖切面把人體分成前、後兩部分？,矢狀切面 ／ 冠狀切面 ／ 正中切面 ／ 水平切面
EMT來源,EMT-P1-10,recalled,site,自編或未有逐字選項,C,2/2/2/2,0,0,0,0,摸得到橈動脈的脈搏，代表病人的收縮壓至少約多少 mmHg？,60 ／ 70 ／ 80 ／ 90
EMT來源,EMT-P1-11,recalled,site,自編或未有逐字選項,D,2/2/2/2,0,0,0,0,下列何者不是八大生命徵象？,血氧 ／ 膚色 ／ 瞳孔 ／ 血糖
EMT來源,EMT-P1-12,recalled,site,自編或未有逐字選項,C,2/2/2/2,0,0,0,0,評估昏迷指數時，病人能回答問題但答錯了，語言反應是幾分？,V2 ／ V3 ／ V4 ／ V5
EMT來源,EMT-P1-13,recalled,source,來源轉錄,A,2/5/3/3,0,0,0,0,評估昏迷指數時，給予痛刺激的方式是哪一種？,捏肩 ／ 按眼眶上緣 ／ 搓胸骨 ／ 按人中
EMT來源,EMT-P1-14,recalled,site,自編或未有逐字選項,B,6/7/8/8,0,0,0,0,成人脈搏的正常值是每分鐘幾次？,40～60 次 ／ 60～100 次 ／ 100～120 次 ／ 120～140 次
EMT來源,EMT-P1-15,recalled,site,自編或未有逐字選項,B,10/10/10/10,0,0,0,0,正常體溫的範圍是攝氏幾度？,35.0～36.0 度 ／ 36.5～37.5 度 ／ 37.5～38.5 度 ／ 38.0～39.0 度
EMT來源,EMT-P1-16,recalled,site,自編或未有逐字選項,C,3/3/3/3,0,0,0,0,依 EMT-1 教材，血氧濃度低於多少視為供氧不足？,90% ／ 92% ／ 94% ／ 96%
EMT來源,EMT-P1-17,recalled,source,來源轉錄,D,2/8/7/8,0,0,0,0,使用口咽呼吸道之前，要先確認病人處於哪一種狀態？,清醒 ／ 對聲音刺激有反應 ／ 對痛刺激有反應 ／ 對痛刺激沒有反應
EMT來源,EMT-P1-18,recalled,site,自編或未有逐字選項,B,3/3/3/3,0,0,0,0,為嬰兒做 CPR 時，壓胸的深度約幾公分？,2 公分 ／ 4 公分 ／ 5 公分 ／ 6 公分
EMT來源,EMT-P1-19,recalled,site,自編或未有逐字選項,C,3/3/3/3,0,0,0,0,到院前心肺功能停止的病人當中，心室纖維顫動約占多少？,10% ／ 20% ／ 40% ／ 80%
EMT來源,EMT-P1-20,recalled,source,來源轉錄,C,5/4/5/8,0,0,0,0,成人嚴重異物哽塞後失去意識、倒在地上，第一步要做什麼？,打開呼吸道 ／ 吹氣一次 ／ 壓胸 30 次 ／ 目視有無適當呼吸
EMT來源,EMT-P1-21,recalled,site,自編或未有逐字選項,A,8/9/8/8,0,0,0,0,關於袋瓣罩甦醒球的使用，下列何者錯誤？,面罩尖端朝向下巴 ／ 用手指扣緊面罩邊緣 ／ 接上氧氣與儲氣袋 ／ 擠壓到胸部有起伏
EMT來源,EMT-P1-22,recalled,site,自編或未有逐字選項,C,4/4/5/6,0,0,0,0,心室纖維顫動的病人如果沒有接受 CPR，存活率每分鐘約下降多少？,1～2% ／ 3～4% ／ 7～10% ／ 15～20%
EMT來源,EMT-P1-23,recalled,source,來源轉錄,D,5/7/8/6,0,0,0,0,民國 110 年 4 月 29 日的單項技術規範，為 EMT-1 的輔助檢查新增了哪個項目？,血壓、血氧 ／ 瞳孔、聽呼吸音 ／ 辛辛那提中風指數 ／ 測量昏迷指數
EMT來源,EMT-P1-24,recalled,site,自編或未有逐字選項,A,6/6/6/6,0,0,0,0,兒童生存之鏈的第一個環節是什麼？,預防事故發生 ／ 啟動緊急應變 ／ 高品質 CPR ／ 高級心肺復甦
EMT來源,EMT-P1-25,recalled,site,自編或未有逐字選項,A,6/6/7/8,0,0,0,0,嬰兒有脈搏、但沒有正常呼吸時，人工呼吸多久給一次？,2～3 秒一次 ／ 5～6 秒一次 ／ 8～10 秒一次 ／ 10～12 秒一次
EMT來源,EMT-P1-26,recalled,site,自編或未有逐字選項,A,17/17/17/17,0,0,0,0,非創傷病人的評估順序，下列何者正確？,意識 → 呼吸道 → 呼吸 → 循環 → 輔助檢查 ／ 意識 → 呼吸 → 呼吸道 → 循環 → 輔助檢查 ／ 呼吸道 → 意識 → 呼吸 → 循環 → 輔助檢查 ／ 意識 → 循環 → 呼吸道 → 呼吸 → 輔助檢查
EMT來源,EMT-P1-27,recalled,site,自編或未有逐字選項,B,3/3/3/3,0,0,0,0,成人清醒、有呼吸，要評估脈搏時摸哪裡？,頸動脈 ／ 橈動脈 ／ 肱動脈 ／ 股動脈
EMT來源,EMT-P1-28,recalled,source,來源轉錄,B,8/7/11/11,0,0,0,0,下列何者不算危急狀況？,小兒經評估為危急 ／ 血氧濃度 91% ／ 急產或已在現場完成接生 ／ 微血管充填時間超過 2 秒
EMT來源,EMT-P1-29,recalled,source,來源轉錄,B,8/8/8/6,0,0,0,0,副手要變換頸椎限制方式時，主手改用哪一種頸椎限制術來協助？,胸骨枕骨頸椎減移 ／ 胸骨前額頸椎減移 ／ 胸骨脊椎頸椎減移 ／ 肩部頸椎減移
EMT來源,EMT-P1-30,recalled,site,自編或未有逐字選項,C,9/9/9/4,0,0,0,0,螺旋包紮時，每一圈要蓋住上一圈的多少？,四分之一到三分之一 ／ 三分之一到二分之一 ／ 二分之一到三分之二 ／ 完全重疊
EMT來源,EMT-P1-31,recalled,site,自編或未有逐字選項,C,4/4/5/5,0,0,0,0,全身血液約占體重的多少？,五分之一 ／ 十分之一 ／ 十三分之一 ／ 二十分之一
EMT來源,EMT-P1-32,recalled,source,來源轉錄,B,8/12/13/9,0,0,0,0,關於抽吸，下列何者錯誤？,抽吸前先給予氧氣 ／ 抽吸管的長度量鼻尖到耳垂 ／ 抽吸管放入口腔做口咽部抽吸 ／ 抽吸時間少於 15 秒
EMT來源,EMT-P1-33,recalled,site,自編或未有逐字選項,A,6/4/5/5,1,1,0,0,最有效而且最常用的止血法是哪一種？,直接加壓止血 ／ 抬高傷肢 ／ 止血點止血 ／ 止血帶止血
EMT來源,EMT-P1-34,recalled,site,自編或未有逐字選項,D,6/9/9/10,1,1,0,0,固定肢體骨折時，要固定哪些部位？,只固定骨折處 ／ 骨折處和上方的關節 ／ 骨折處和下方的關節 ／ 骨折處和上下兩個關節
EMT來源,EMT-P1-35,recalled,site,自編或未有逐字選項,D,2/7/7/2,0,0,0,0,非創傷病人的循環評估，不包含下列哪一項？,脈搏 ／ 微血管充填時間 ／ 四肢膚色與溫度 ／ 血糖
EMT來源,EMT-P1-36,recalled,site,自編或未有逐字選項,D,4/2/7/2,0,0,0,0,評估病人的失能狀況（XABCDE 的 D），不包含下列哪一項？,昏迷指數 ／ 瞳孔 ／ 四肢感覺與運動 ／ 血糖
EMT來源,EMT-P1-37,recalled,site,自編或未有逐字選項,C,3/3/3/3,0,0,0,0,慢性阻塞性肺病的病人，血氧濃度低於多少算危急？,85% ／ 88% ／ 90% ／ 94%
EMT來源,EMT-P1-38,recalled,site,自編或未有逐字選項,A,4/3/2/4,0,0,0,0,創傷評估 XABCDE 的 X 代表什麼？,大量出血 ／ 呼吸道 ／ 頸椎 ／ 暴露檢查
EMT來源,EMT-P1-39,recalled,site,自編或未有逐字選項,C,6/6/6/6,0,0,0,0,成人雙下肢燙傷，紅腫並起水泡。燙傷深度與體表面積各是多少？,一度、18% ／ 二度、18% ／ 二度、36% ／ 三度、36%
EMT來源,EMT-P1-40,recalled,site,自編或未有逐字選項,C,2/3/3/3,0,0,0,0,大量傷病患的定義，是單一事故的傷病患人數達到幾人以上？,5 人 ／ 10 人 ／ 15 人 ／ 30 人
EMT來源,EMT-270-01,recalled,source,來源轉錄,C,3/4/7/6,1,1,0,0,從火場救出的病人意識清醒、血氧濃度 96%，應該用哪一種方式給氧？,鼻導管 ／ 簡單面罩 ／ 非再吸入型面罩 ／ 袋瓣罩甦醒球
EMT來源,EMT-270-02,recalled,site,自編或未有逐字選項,A,12/13/7/9,0,0,0,0,用 G-FAST 評估中風時，下列哪個做法錯誤？,請病人雙手平舉、手心向下 ／ 請病人微笑，看臉部是否對稱 ／ 請病人說一句話 ／ 看兩眼是否偏向一側
EMT來源,EMT-270-03,recalled,site,自編或未有逐字選項,C,4/2/4/4,0,0,0,0,病人噎到，用哈姆立克法時要壓哪裡？,胸骨中段 ／ 劍突 ／ 肚臍上緣 ／ 肚臍下方
EMT來源,EMT-270-04,recalled,site,自編或未有逐字選項,A,6/8/8/6,0,0,0,0,病人昏迷指數 3 分，副手可以用哪一種頸椎限制術？,雙膝頸椎減移 ／ 胸骨前額頸椎減移 ／ 胸骨枕骨頸椎減移 ／ 肩部頸椎減移
EMT來源,EMT-270-05,recalled,source,來源轉錄,A,3/2/3/13,0,0,0,0,關於瀕死呼吸，下列何者錯誤？,淺而短 ／ 極慢 ／ 不規則 ／ 常出現在心跳停止後一分鐘內
EMT來源,EMT-270-06,recalled,source,來源轉錄,B,2/2/2/2,0,0,0,0,20 歲男性雙腳骨折無法行走，呼吸每分鐘 20 次，微血管充填時間 1 秒，可以正常溝通。依 START 檢傷法應分到哪一類？,紅色 ／ 黃色 ／ 綠色 ／ 黑色
EMT來源,EMT-274-03,recalled,site,自編或未有逐字選項,D,2/4/5/5,0,0,0,0,下列何者不是緊急醫療救護人員？,醫師 ／ 護理人員 ／ 救護技術員 ／ 救護車駕駛
EMT來源,EMT-274-06,recalled,site,自編或未有逐字選項,B,15/13/14/15,0,0,0,0,依《緊急醫療救護法》第 45 條，救護技術員未依規定施救，罰鍰是多少？,新臺幣 5 千元以上 2 萬 5 千元以下 ／ 新臺幣 1 萬元以上 5 萬元以下 ／ 新臺幣 6 萬元以上 30 萬元以下 ／ 新臺幣 10 萬元以上 50 萬元以下
EMT來源,EMT-274-12,recalled,site,自編或未有逐字選項,B,2/2/2/2,0,0,0,0,20 歲女性昏迷，給痛刺激會睜眼、會發出聲音、肢體伸直，昏迷指數是幾分？,5 分 ／ 6 分 ／ 7 分 ／ 8 分
EMT來源,EMT-274-15,recalled,site,自編或未有逐字選項,B,9/9/10/10,0,0,0,0,血壓低於多少算有危險？,80/50 mmHg ／ 90/60 mmHg ／ 100/70 mmHg ／ 110/70 mmHg
EMT來源,EMT-274-19,recalled,site,自編或未有逐字選項,B,9/9/9/9,0,0,0,0,下列哪一種情況應該使用袋瓣罩甦醒球？,意識清醒且呼吸平穩 ／ 意識不清且通氣不足 ／ 輕微喘但可完整說話 ／ 局部擦傷且呼吸正常
EMT來源,EMT-274-21,recalled,site,自編或未有逐字選項,B,5/5/8/6,0,0,0,0,嬰兒異物哽塞時怎麼處理？,腹部推擠法 ／ 拍背壓胸法 ／ 用手指伸進嘴裡挖 ／ 倒提雙腳拍打
EMT來源,EMT-274-23,recalled,site,自編或未有逐字選項,A,15/15/15/15,0,0,0,0,成人 CPR 的口訣是什麼？,快快壓、重重壓、胸回彈、莫中斷 ／ 慢慢壓、輕輕壓、胸回彈、莫中斷 ／ 快快壓、輕輕壓、不回彈、可中斷 ／ 慢慢壓、重重壓、胸回彈、常中斷
EMT來源,EMT-274-25,recalled,site,自編或未有逐字選項,A,3/3/4/4,0,0,0,0,臍帶還連在母親身上的新生兒沒有脈搏，壓胸與吹氣的比例是多少？,3：1 ／ 5：1 ／ 15：2 ／ 30：2
EMT來源,EMT-274-28,recalled,site,自編或未有逐字選項,C,5/6/7/7,0,0,0,0,非再吸入型面罩的氧氣流量是每分鐘幾公升？,1～6 公升 ／ 6～10 公升 ／ 10～15 公升 ／ 20～25 公升
EMT來源,EMT-274-35,recalled,site,自編或未有逐字選項,A,8/8/7/10,0,0,0,0,頸圈的大小怎麼量？,下顎到鎖骨的距離 ／ 耳垂到肩膀的距離 ／ 頸部一圈的長度 ／ 下顎到胸骨下緣的距離
EMT來源,EMT-274-39,recalled,site,自編或未有逐字選項,A,12/10/11/10,1,1,0,0,小兒評估三角包含哪三項？,外觀、呼吸作功、皮膚循環 ／ 意識、血壓、核心體溫 ／ 呼吸道、呼吸、血液循環 ／ 瞳孔、膚色、血氧濃度
EMT來源,EMT-2022-01,uploaded,source,來源轉錄,D,4/4/9/14,5,1,0,0,初級救護技術員得施行之救護項目，下列何者為非？,檢傷分類 ／ 急產接生 ／ 使用自動心臟電擊器 ／ 使用沖洗用生理食鹽水沖洗眼睛
EMT來源,EMT-2022-02,uploaded,source,來源轉錄,D,2/2/2/2,0,0,0,0,初級救護技術員教育訓練 W 小時，證書有效期為 X 年，於 Y 年內需繼續教育 Z 小時，請問 W+X+Y+Z=？,67 ／ 68 ／ 69 ／ 70
EMT來源,EMT-2022-03,uploaded,source,來源轉錄,B,18/16/17/18,0,0,0,0,未依緊急傷病患作業救護程序施行救護者，依緊急醫療救護法第 45 條，處多少罰鍰？,處新台幣 5 千元以上 2 萬 5 千元以下罰鍰 ／ 處新台幣 1 萬元以上 5 萬元以下罰鍰 ／ 處新台幣 6 萬元以上 30 萬元以下罰鍰 ／ 處新台幣 10 萬元以上 50 萬元以下罰鍰
EMT來源,EMT-2022-04,uploaded,source,來源轉錄,A,2/2/2/4,0,0,0,0,救護車載送病患至少要有幾名緊急醫療救護人員？,2 人 ／ 3 人 ／ 4 人 ／ 沒有限制
EMT來源,EMT-2022-05,uploaded,source,來源轉錄,C,1/1/1/1,0,0,0,0,救護紀錄表要存放幾年才能銷毀？,5 ／ 6 ／ 7 ／ 8
EMT來源,EMT-2022-06,uploaded,source,來源轉錄,C,14/14/14/14,0,0,0,0,請問頸動脈、肱動脈、股動脈、橈動脈、足背動脈，分別為多少？,60.70.70.90.90 ／ 60.70.80.80.80 ／ 60.70.70.80.90 ／ 70.70.80.80.90
EMT來源,EMT-2022-07,uploaded,source,來源轉錄,B,3/3/3/3,0,0,0,0,成人共有幾塊骨頭？,205 ／ 206 ／ 207 ／ 208
EMT來源,EMT-2022-08,uploaded,source,來源轉錄,C,4/4/4/4,0,0,0,0,緊急醫療的運作需要分為四個階段，請排出正確的順序？（1 到院前救護單位的派遣　2 轉送到適當的醫療場所　3 報告及啟動緊急醫療系統　4 救護技術員的醫療評及現場處置）,1234 ／ 2143 ／ 3142 ／ 4312
EMT來源,EMT-2022-09,uploaded,source,來源轉錄,D,9/9/9/9,0,0,0,0,鼻咽呼吸道測量方式為何？,測量嘴角到耳垂距離 ／ 測量鼻尖到下巴距離 ／ 測量鼻尖到嘴角距離 ／ 測量鼻尖到耳垂距離
EMT來源,EMT-2022-10,uploaded,source,來源轉錄,D,6/6/6/5,0,0,0,0,創傷患者要暢通呼吸道時，需使用？,壓額抬下顎法 ／ 拇食指交叉法 ／ 食拇指交叉法 ／ 下顎推舉法
EMT來源,EMT-2022-11,uploaded,source,來源轉錄,C,2/4/4/3,0,0,0,0,遇到低血壓患者，應給予？,平躺 ／ 頭高腳低 ／ 腳高頭低 ／ 半坐臥
EMT來源,EMT-2022-12,uploaded,source,來源轉錄,B,2/2/2/2,0,0,0,0,一名燒燙傷患者，左手臂（整隻手）以及左腳（整隻腳）二度燒燙傷，試問它的燒燙傷面積為何？,18 ／ 27 ／ 36 ／ 45
EMT來源,EMT-2022-13,uploaded,source,來源轉錄,C,4/4/7/9,0,0,0,0,一名患者意識清楚，從火場被救出，在檢查時發現患者鼻毛燒焦，試問患者氧氣治療需選擇？,氧氣鼻管 ／ 氧氣面罩 ／ 非再吸入型面罩 ／ 不用給患者氧氣治療
EMT來源,EMT-2022-14,uploaded,source,來源轉錄,B,5/5/5/3,0,0,0,0,對孕婦的哈姆立克急救法應採用？,腹部推擠法 ／ 胸部推擠法 ／ 背部敲擊法 ／ 倒立法
EMT來源,EMT-2022-15,uploaded,source,來源轉錄,A,5/6/6/6,0,0,0,0,沒有施行心肺復甦術，其存活率每分鐘約減少多少？,7-10% ／ 10-15% ／ 15-20% ／ 20-25%
EMT來源,EMT-2022-16,uploaded,source,來源轉錄,A,5/5/5/5,0,0,0,0,基本心肺復甦術下壓深度？,5-6 公分 ／ 2-4 公分 ／ 7-8 公分 ／ 8 公分以上
EMT來源,EMT-2022-17,uploaded,source,來源轉錄,A,7/7/7/7,0,0,0,0,危急度判斷呼吸速率大於幾次為危急個案？,每分鐘>29 次 ／ 每分鐘>35 次 ／ 每分鐘>20 次 ／ 每分鐘>10 次
EMT來源,EMT-2022-18,uploaded,source,來源轉錄,D,28/27/29/5,0,0,0,0,下列何者為危急個案患者？,血壓 120/80、心跳 90、血氧 95%、意識昏迷的患者。 ／ 血壓 120/80、心跳 90、血氧 95%、主訴胸悶/痛。 ／ 血壓 120/80、心跳 90、血氧 95%、左側肢體無力患者。 ／ 以上皆是。
EMT來源,EMT-2022-19,uploaded,source,來源轉錄,A,6/6/6/4,0,0,0,0,快速最有效的簡單止血方法有？,直接加壓止血 ／ 止血帶止血法 ／ 止血點止血法 ／ 全部皆可
EMT來源,EMT-2022-20,uploaded,source,來源轉錄,A,9/9/4/4,0,0,0,0,為患者進行止血包紮時，應該要注意事項，何者為非？,優先使用止血帶止血 ／ 敷料要大於傷口邊緣 ／ 無菌技術 ／ 清潔傷口
EMT來源,EMT-2022-21,uploaded,source,來源轉錄,B,6/8/8/8,0,0,0,0,從正趴翻身至患者已呈現頭頸一直線之狀態，此時救護人員之主手該以何種頸椎限制固定？好讓副手使用肩部頸椎限制固定。,頭部頸椎限制 ／ 胸骨前額頸椎限制 ／ 胸骨脊椎頸椎限制 ／ 胸骨枕骨頸椎限制
EMT來源,EMT-2022-22,uploaded,source,來源轉錄,B,6/7/8/8,0,0,0,0,（接續上一題：病人已由俯臥翻成仰躺）救護人員為患者上完頸圈後，救護人員之副手該以何種頸椎保護固定？好準備將患者固定上長背板。,肩部頸椎限制 ／ 頭肩部頸椎限制 ／ 胸骨前額頸椎限制 ／ 胸骨脊椎頸椎限制
EMT來源,EMT-2022-23,uploaded,source,來源轉錄,D,5/5/5/5,0,0,0,0,(1)儘早 CPR (2)儘早高級心臟救命術 (3)儘早求救 (4)完整的復甦後照顧 (5)儘早去顫，有關生命之鏈順序，何者正確？,12345 ／ 13254 ／ 31254 ／ 31524
EMT來源,EMT-2022-24,uploaded,source,來源轉錄,D,6/6/6/6,0,0,0,0,患者對聲音無反應，給他疼痛刺激時眼睛會睜開，會呻吟，手腳伸展僵直，請問 GCS？,E2V3M2 ／ E2V2M3 ／ E1V3M2 ／ E2V2M2
EMT來源,EMT-2022-25,uploaded,source,來源轉錄,C,11/7/9/14/10,0,0,0,0,下列危急個案判斷的敘述何者錯誤？,生命徵象-急性意識不清 ／ GCS-14 分 ／ 特殊情況-持續抽搐 ／ 創傷機轉-成人高度 5 公尺墜落 ／ 創傷部位-嚴重撕裂傷
EMT來源,EMT-2022-26,uploaded,source,來源轉錄,D,12/13/11/4,0,0,0,0,在發生車禍時，操作傷患車內脫困過程中，下列何者為常見的錯誤？,車體尚未熄火前即接觸傷患 ／ 未確實做好傷患的頭頸部保護 ／ 操作人員未做好自我保護 ／ 以上皆是
EMT來源,EMT-2022-27,uploaded,source,來源轉錄,D,2/2/2/4,2,1,0,0,在非創傷二度評估時，操作項目「全身皮膚是否有異常」指的是檢查皮膚有無下列何者異常？,紅疹 ／ 紫斑 ／ 針孔 ／ 以上皆是
EMT來源,EMT-2022-28,uploaded,source,來源轉錄,C,6/6/9/9,0,0,0,0,下列何者不是非創傷二度評估的操作項目？,氣管是否偏移 ／ 聽診兩側肺音 ／ 胸部觸診是否有壓痛 ／ 腹部觸診是否有壓痛
EMT來源,EMT-2022-29,uploaded,source,來源轉錄,B,1/1/1/1,0,0,0,0,檢查氣管是否偏移，應使用幾隻手指操作？,1 ／ 2 ／ 3 ／ 4
EMT來源,EMT-2022-30,uploaded,source,來源轉錄,C,3/3/3/4,0,0,0,0,中風的黃金治療時間？,1 小時 ／ 2 小時 ／ 3 小時 ／ 30 分鐘
EMT來源,EMT-2022-31,uploaded,source,來源轉錄,B,7/7/7/7,0,0,0,0,老人評估中，若有神經學症狀時，辛辛那提檢查任何一項不正常且新發作患者，可能為腦中風之可能性為 _%，三項均不正常 _%？,70%、80% ／ 72%、85% ／ 75%、85% ／ 80%、90%
EMT來源,EMT-2022-32,uploaded,source,來源轉錄,C,4/10/10/10,0,0,0,0,欲用夾板固定肢體骨折，夾板長度必須至少涵蓋？,整個肢體 ／ 骨斷端及其上面的關節 ／ 骨斷端及上下兩個關節 ／ 骨斷端及其下面的關節
EMT來源,EMT-2022-33,uploaded,source,來源轉錄,B,14/17/14/12,3,1,0,0,下列何者為錯誤的？,到達現場時應注意現場是否安全 ／ 推擔架床上救護車時僅需注意前方就好 ／ 患者資料及病情不可以隨意洩漏 ／ 接觸病人時應做好適當防護
EMT來源,EMT-2022-34,uploaded,source,來源轉錄,D,24/16/50/25,0,0,0,0,有關大量傷病患事故，其敘述下列何者錯？,一般而言在大量傷病患事故中，常使用 START 檢法 ／ 傷票顏色分為黑、紅、黃、綠共四色 ／ 大量傷病患的定義為單一事故中，災害發生時傷病患人數達 15 人以上或預判可能發生 15 人以上之緊急醫療救護 ／ 依傷票顏色判定後送醫院優先順序，黑色應該要優先後送
EMT來源,EMT-2022-35,uploaded,source,來源轉錄,D,2/2/2/2,0,0,0,0,下列哪一種結常用於三角巾包紮？,滑結 ／ 爪結 ／ 死結 ／ 平結
EMT來源,EMT-2022-36,uploaded,source,來源轉錄,B,5/3/4/3,0,0,1,0,下列何種器材常使用於車禍患者脫困？,抽吸式護木 ／ KED ／ 椅式擔架 ／ 搬運毯
EMT來源,EMT-2022-37,uploaded,source,來源轉錄,D,5/9/4/4,0,0,0,0,救護技術員應該知道什麼事情？,心肺復甦術 ／ 辨識生命危急的問題 ／ 控制出血 ／ 以上皆是
EMT來源,EMT-2022-38,uploaded,source,來源轉錄,B,2/6/8/2,0,0,0,0,利用 AVPU 來表示意識程度，其中 V 是表示病人？,清醒 ／ 對聲音有反應 ／ 對疼痛刺激有反應 ／ 昏迷
EMT來源,EMT-2022-39,uploaded,source,來源轉錄,A,2/2/2/2,0,0,0,0,下列敘述何者不是長骨？,鎖骨 ／ 股骨 ／ 脛骨 ／ 腓骨
EMT來源,EMT-2022-40,uploaded,source,來源轉錄,C,12/12/12/12,0,0,0,0,當前臂骨折，固定前/後應檢查？,檢查頸動脈、感覺運動功能 ／ 檢查股動脈、感覺運動功能 ／ 檢查橈動脈、感覺運動功能 ／ 檢查肱動脈、感覺運動功能
EMT來源,EMT-2022-41,uploaded,source,來源轉錄,A,15/6/4/12,3,1,0,0,成人 CPR 對於無呼吸的病人，在給予第一次正壓給氧後，若無法吹入氣體，則施救者應該？,重新打開呼吸道，再給予正壓給氧 ／ 開始胸外按壓 ／ 檢查脈搏 ／ 檢查是否有異物堵塞呼吸道
EMT來源,EMT-2022-42,uploaded,source,來源轉錄,C,15/12/10/7,0,0,0,0,您救護一患者騎機車自摔，主訴頸部及雙手麻麻的、有刺痛感，欲為其上頸圈，此時您要如何測量頸圈大小？,下巴的平行切線至鎖骨之平行切線 ／ 下頜骨轉角的平行線至肩膀 ／ 下巴的平行切線至肩膀 ／ 患者中指後兩節
EMT來源,EMT-2022-43,uploaded,source,來源轉錄,C,2/3/3/5,0,0,0,0,對於呼吸困難的傷患，應採取何種姿勢運送？,平躺 ／ 左側躺 ／ 半坐臥 ／ 無限制姿勢
EMT來源,EMT-2022-44,uploaded,source,來源轉錄,B,2/2/2/2,0,0,0,0,「緊急醫療救護法」，於民國幾年發布？,82 ／ 84 ／ 86 ／ 88
EMT來源,EMT-2022-45,uploaded,source,來源轉錄,B,2/2/2/2,0,0,0,0,腦神經共有幾對？,11 ／ 12 ／ 13 ／ 14
EMT來源,EMT-2022-46,uploaded,source,來源轉錄,C,7/8/8/9,0,0,0,0,請問骨盆骨折，則出血量大約為？,500 C.C. ／ 1000 C.C. ／ 3000 C.C. ／ 10000 C.C.
EMT來源,EMT-2022-47,uploaded,source,來源轉錄,D,2/2/2/2,0,0,0,0,下列何者非「生命徵象」檢查項目？,意識 ／ 血壓 ／ 瞳孔 ／ 血糖
EMT來源,EMT-2022-48,uploaded,source,來源轉錄,D,9/9/9/9,0,0,0,0,檢查骨盆是否穩定與疼痛，檢查方式為？,向外側擠壓一次為限 ／ 向左側擠壓一次為限 ／ 向右側擠壓一次為限 ／ 向內側擠壓一次為限
EMT來源,EMT-2022-49,uploaded,source,來源轉錄,D,14/14/20/14,0,0,0,0,下列何者錯誤？,氧氣鼻導管，1~6 L/min ／ 氧氣面罩，6~10 L/min ／ 非再吸入型氧氣面罩，10~15 L/min ／ 甦醒球，10~15 L/min
EMT來源,EMT-2022-50,uploaded,source,來源轉錄,C,17/17/8/8,0,0,0,0,抽吸操作規範，下列何者正確？,抽吸前應先給予氧氣鼻導管之氧氣治療 ／ 抽吸導管欲深入之長度(嘴角至下巴) ／ 抽吸時間<15 秒 ／ 抽吸時間<10 秒
EMT自編,EMT-LAW-01,site_authored,,自編或未有逐字選項,D,4/4/4/4,0,0,0,0,依現行《救護技術員管理辦法》（民國 114 年 1 月 1 日施行）附表一，初級救護技術員訓練課程的總時數是幾小時？,24 小時 ／ 40 小時 ／ 48 小時 ／ 56 小時
EMT自編,EMT-LAW-02,site_authored,,自編或未有逐字選項,A,2/2/2/2,0,0,0,0,依《救護技術員管理辦法》，初級救護技術員證書的有效期間是幾年？,3 年 ／ 4 年 ／ 5 年 ／ 6 年
EMT自編,EMT-LAW-03,site_authored,,自編或未有逐字選項,B,23/24/24/24,0,0,0,0,依現行《救護技術員管理辦法》，初級救護技術員在證書效期三年內要完成多少繼續教育課程，才能申請展延？,16 小時以上，其中 8 小時為模組二、四及六之科目 ／ 24 小時以上，其中 12 小時為模組二、四及六之科目 ／ 32 小時以上，其中 16 小時為模組二、四及六之科目 ／ 40 小時以上，其中 20 小時為模組二、四及六之科目
EMT自編,EMT-LAW-04,site_authored,,自編或未有逐字選項,D,12/13/13/13,0,0,0,0,依《救護技術員管理辦法》第13條，下列何者屬於初級救護技術員得施行之救護項目？,使用聲門上呼吸道維持呼吸 ／ 建立周邊血管路徑並給予輸液 ／ 依預立醫療流程施行氣管插管 ／ 使用自動體外心臟電擊去顫器
EMT自編,EMT-LAW-05,site_authored,,自編或未有逐字選項,D,2/2/2/2,0,0,0,0,依《緊急醫療救護法》第34條，救護紀錄表應由救護車設置機關（構）及應診之醫療機構保存至少幾年？,1 年 ／ 3 年 ／ 5 年 ／ 7 年
EMT自編,EMT-LAW-06,site_authored,,自編或未有逐字選項,B,15/16/15/17,0,0,0,0,依《緊急醫療救護法》第14-2條，救護人員以外之人為免除他人生命之急迫危險而施予急救措施，法律責任如何處理？,傷病患死亡時仍應負過失致死罪責 ／ 適用民法、刑法緊急避難免責之規定 ／ 僅於傷病患為直系血親時得以免責 ／ 僅免除行政責任，民事與刑事仍須負責
EMT自編,EMT-LAW-07,site_authored,,自編或未有逐字選項,B,18/16/16/17,0,0,0,0,救護技術員無故洩漏因業務知悉或持有的他人秘密，依《緊急醫療救護法》第35條及第45條的罰則為何？,處新臺幣五千元以上二萬五千元以下罰鍰 ／ 處新臺幣一萬元以上五萬元以下罰鍰 ／ 處新臺幣二萬元以上十萬元以下罰鍰 ／ 處新臺幣六萬元以上三十萬元以下罰鍰
EMT自編,EMT-LAW-08,site_authored,,自編或未有逐字選項,C,9/10/9/10,0,0,0,0,依《緊急醫療救護法》第29條，救護人員應將緊急傷病患送達何處？,距離最近之醫學中心 ／ 傷病患指定之醫療機構 ／ 就近適當之醫療機構 ／ 衛生局指定之責任醫院
EMT自編,EMT-LAW-09,site_authored,,自編或未有逐字選項,B,8/8/8/8,0,0,0,0,依《緊急醫療救護法》第18條，救護車於救護傷病患及運送病人時，至少要有幾名救護人員出勤？,救護人員一名以上 ／ 救護人員二名以上 ／ 救護人員三名以上 ／ 救護人員四名以上
EMT自編,EMT-LAW-10,site_authored,,自編或未有逐字選項,A,12/11/11/12,0,0,0,0,病患意識清醒且具有完全行為能力，但堅決拒絕救護人員處置與送醫，救護員的適當處置為何？,說明風險並記錄其拒絕意願 ／ 約束病患後強制送往醫院 ／ 通報警察到場後強制帶離 ／ 不作說明直接收隊離開現場
EMT自編,EMT-LAW-11,site_authored,,自編或未有逐字選項,C,14/10/13/13,0,0,0,0,救護車開啟警示燈及警鳴器執行緊急任務時，關於行駛的規定，下列敘述何者錯誤？,得不受標誌、標線及號誌之限制 ／ 得不受行車速度之限制 ／ 肇事時得免除刑事與民事責任 ／ 仍應注意其他車輛及行人安全
EMT自編,EMT-LAW-12,site_authored,,自編或未有逐字選項,B,7/7/7/7,0,0,0,0,依現行《救護技術員管理辦法》，協助使用吸入型支氣管擴張劑、自備腎上腺素注射筆或硝化甘油舌下含片，最低須為哪一級救護技術員才得施行？,初級救護技術員 ／ 中級救護技術員 ／ 高級救護技術員 ／ 各級均不得施行
EMT自編,EMT-ANA-01,site_authored,,自編或未有逐字選項,C,2/2/2/2,0,0,0,0,下列何者不屬於救護常規所稱的生命徵象？,瞳孔 ／ 膚色 ／ 尿量 ／ 體溫
EMT自編,EMT-ANA-02,site_authored,,自編或未有逐字選項,A,7/7/8/8,0,0,0,0,健康成年人安靜休息時，正常脈搏是每分鐘幾次？,60～100 次 ／ 80～120 次 ／ 100～140 次 ／ 120～160 次
EMT自編,EMT-ANA-03,site_authored,,自編或未有逐字選項,C,5/5/6/6,0,0,0,0,健康成年人安靜休息時，正常呼吸是每分鐘幾次？,6～10 次 ／ 8～12 次 ／ 12～20 次 ／ 20～30 次
EMT自編,EMT-ANA-04,site_authored,,自編或未有逐字選項,D,19/19/19/19,0,0,0,0,格拉斯哥昏迷指數評估哪三個面向？滿分與最低分各是幾分？,睜眼、語言、瞳孔；滿分 12 分，最低 3 分 ／ 睜眼、語言、動作；滿分 15 分，最低 0 分 ／ 瞳孔、語言、動作；滿分 15 分，最低 3 分 ／ 睜眼、語言、動作；滿分 15 分，最低 3 分
EMT自編,EMT-ANA-05,site_authored,,自編或未有逐字選項,D,2/2/2/2,0,0,0,0,病患對呼喚沒有反應，給予痛刺激時能準確抬手撥開痛源，昏迷指數的動作反應應評為幾分？,2 分 ／ 3 分 ／ 4 分 ／ 5 分
EMT自編,EMT-ANA-06,site_authored,,自編或未有逐字選項,B,2/3/3/3,0,0,0,0,傷患經叫喚才睜眼（E3）、只能說出不成句的單字（V3）、對痛刺激只有肢體縮回（M4），昏迷指數總分是幾分？,9 分 ／ 10 分 ／ 11 分 ／ 12 分
EMT自編,EMT-ANA-07,site_authored,,自編或未有逐字選項,A,2/2/2/2,0,0,0,0,評估微血管充填時間時，正常應在幾秒內恢復血色？,2 秒 ／ 3 秒 ／ 4 秒 ／ 5 秒
EMT自編,EMT-ANA-08,site_authored,,自編或未有逐字選項,C,3/3/3/3,0,0,0,0,評估意識清醒且呼吸正常的成年傷病患時，通常優先觸摸哪一條動脈的脈搏？,股動脈 ／ 頸動脈 ／ 橈動脈 ／ 肱動脈
EMT自編,EMT-ANA-09,site_authored,,自編或未有逐字選項,B,9/9/9/9,0,0,0,0,成人突然倒地、呼喚無反應且沒有呼吸，救護員應在幾秒內觸摸哪一條動脈確認脈搏？,30 秒內觸摸頸動脈 ／ 10 秒內觸摸頸動脈 ／ 10 秒內觸摸橈動脈 ／ 30 秒內觸摸橈動脈
EMT自編,EMT-ANA-10,site_authored,,自編或未有逐字選項,B,3/3/3/3,0,0,0,0,評估未滿一歲嬰兒的脈搏時，建議觸摸哪一條動脈？,橈動脈 ／ 肱動脈 ／ 顳動脈 ／ 頸動脈
EMT自編,EMT-ANA-11,site_authored,,自編或未有逐字選項,C,5/5/5/5,0,0,0,0,檢查瞳孔時發現兩側大小不等，其中一側放大且對光沒有反應，最可能代表什麼狀況？,低血糖反應 ／ 有機磷中毒 ／ 顱內壓升高 ／ 鴉片類中毒
EMT自編,EMT-ANA-12,site_authored,,自編或未有逐字選項,C,2/2/2/3,0,0,0,0,成人收縮壓低於多少毫米汞柱時，通常視為低血壓或休克的警訊？,70 ／ 80 ／ 90 ／ 100
EMT自編,EMT-ANA-13,site_authored,,自編或未有逐字選項,B,2/2/2/2,0,0,0,0,調控呼吸、心跳與血管張力等基本生命機能的「生命中樞」，位於中樞神經系統的哪個部位？,大腦 ／ 腦幹 ／ 小腦 ／ 脊髓
EMT自編,EMT-ANA-14,site_authored,,自編或未有逐字選項,A,7/6/7/6,0,0,0,0,簡易意識評估 AVPU 中的 P 代表什麼？,對痛刺激有反應 ／ 對聲音有反應 ／ 對刺激沒有反應 ／ 清醒可以對答
EMT自編,EMT-AIR-01,site_authored,,自編或未有逐字選項,B,5/4/5/5,0,0,0,0,懷疑頸椎受傷的病患，暢通呼吸道應優先採用哪一種徒手方法？,頸部後仰法 ／ 推下顎法 ／ 壓額抬顎法 ／ 頭部側轉法
EMT自編,EMT-AIR-02,site_authored,,自編或未有逐字選項,A,5/5/5/5,0,0,0,0,口咽呼吸道的尺寸怎麼量？,嘴角到耳垂 ／ 鼻尖到耳垂 ／ 嘴角到喉結 ／ 鼻尖到嘴角
EMT自編,EMT-AIR-03,site_authored,,自編或未有逐字選項,D,10/10/12/12,0,0,0,0,口咽呼吸道適用於哪一種病患？,意識清醒但是咳嗽無力 ／ 意識清醒而且呼吸急促 ／ 意識不清但是仍有嘔吐反射 ／ 意識不清而且沒有嘔吐反射
EMT自編,EMT-AIR-04,site_authored,,自編或未有逐字選項,D,11/10/10/11,0,0,0,0,成人口咽呼吸道凹面朝上置入後，接近軟硬顎交界時應如何操作？,旋轉 360 度後繼續置入 ／ 不旋轉，直接推到定位 ／ 旋轉 90 度後繼續置入 ／ 旋轉 180 度後繼續置入
EMT自編,EMT-AIR-05,site_authored,,自編或未有逐字選項,C,5/5/5/5,0,0,0,0,鼻咽呼吸道的長度怎麼量？,鼻尖到嘴角 ／ 鼻尖到喉結 ／ 鼻尖到耳垂 ／ 嘴角到耳垂
EMT自編,EMT-AIR-06,site_authored,,自編或未有逐字選項,D,6/6/6/6,0,0,0,0,下列哪一種情況不可使用鼻咽呼吸道？,懷疑頸椎受傷 ／ 牙關緊閉不開 ／ 仍有嘔吐反射 ／ 懷疑顱底骨折
EMT自編,EMT-AIR-07,site_authored,,自編或未有逐字選項,C,2/3/3/3,0,0,0,0,為成人抽吸口咽部的分泌物時，單次抽吸時間最長不可超過幾秒？,5 秒 ／ 10 秒 ／ 15 秒 ／ 20 秒
EMT自編,EMT-AIR-08,site_authored,,自編或未有逐字選項,C,14/14/14/13,0,0,0,0,使用抽吸管清除口腔分泌物時，正確的操作原則是什麼？,放到定位後，固定不動持續抽吸 ／ 放入與退出時，全程都持續抽吸 ／ 放到定位後，邊抽吸邊旋轉退出 ／ 放入時就開始抽吸，直到定位
EMT自編,EMT-AIR-09,site_authored,,自編或未有逐字選項,A,5/6/7/7,0,0,0,0,使用鼻導管給氧時，氧氣流量通常設定在每分鐘幾公升？,1～6 公升 ／ 6～10 公升 ／ 10～15 公升 ／ 15～25 公升
EMT自編,EMT-AIR-10,site_authored,,自編或未有逐字選項,D,18/16/16/18,0,0,0,0,使用非再吸入型面罩給氧時，流量設定與使用前的準備何者正確？,每分鐘 10～15 公升，先把儲氣袋壓扁 ／ 每分鐘 1～6 公升，先讓儲氣袋充滿 ／ 每分鐘 1～6 公升，先把儲氣袋壓扁 ／ 每分鐘 10～15 公升，先讓儲氣袋充滿
EMT自編,EMT-AIR-11,site_authored,,自編或未有逐字選項,B,16/16/16/16,0,0,0,0,用袋瓣罩甦醒球為沒有呼吸的成人通氣時，面罩應如何放置？,尖端朝向鼻樑，輕放面罩不必提下顎 ／ 尖端朝向鼻樑，扣緊面罩並提起下顎 ／ 尖端朝向下巴，輕放面罩不必提下顎 ／ 尖端朝向下巴，扣緊面罩並提起下顎
EMT自編,EMT-AIR-12,site_authored,,自編或未有逐字選項,D,3/3/4/4,0,0,0,0,袋瓣罩甦醒球接上氧氣與儲氣袋時，氧氣流量通常設定為每分鐘幾公升？,6 公升 ／ 8 公升 ／ 10 公升 ／ 15 公升
EMT自編,EMT-AIR-13,site_authored,,自編或未有逐字選項,B,17/17/17/17,0,0,0,0,D 型攜帶式氧氣鋼瓶的換算常數與安全殘壓各是多少？,常數 0.16，安全殘壓 500 psi ／ 常數 0.16，安全殘壓 200 psi ／ 常數 0.28，安全殘壓 200 psi ／ 常數 0.28，安全殘壓 500 psi
EMT自編,EMT-AIR-14,site_authored,,自編或未有逐字選項,B,4/5/5/5,0,0,0,0,D 型氧氣鋼瓶壓力表顯示 1200 psi（換算常數 0.16，安全殘壓 200 psi），以每分鐘 10 公升給氧，大約還能用幾分鐘？,約 8 分鐘 ／ 約 16 分鐘 ／ 約 19 分鐘 ／ 約 28 分鐘
EMT自編,EMT-AIR-15,site_authored,,自編或未有逐字選項,B,7/5/6/6,0,0,0,0,成人有脈搏但呼吸不足，以袋瓣罩甦醒球給予人工呼吸時，多久給一口氣？,每 2～3 秒一次 ／ 每 6 秒一次 ／ 每 10 秒一次 ／ 每 15 秒一次
EMT自編,EMT-CPR-01,site_authored,,自編或未有逐字選項,C,6/6/6/6,0,0,0,0,成人院外心臟停止生存之鏈中，高品質心肺復甦術之後接著是哪個環節？,高級心肺復甦 ／ 復甦後的照護 ／ 儘早電擊去顫 ／ 啟動緊急應變
EMT自編,EMT-CPR-02,site_authored,,自編或未有逐字選項,C,18/19/19/18,0,0,0,0,成人高品質 CPR 的按壓深度與速率各是多少？,深度 4～5 公分，每分鐘 80～100 下 ／ 深度 4～5 公分，每分鐘 100～120 下 ／ 深度 5～6 公分，每分鐘 100～120 下 ／ 深度 5～6 公分，每分鐘 80～100 下
EMT自編,EMT-CPR-03,site_authored,,自編或未有逐字選項,D,4/4/4/4,0,0,0,0,成人 CPR 不論單人或雙人施救，壓胸與人工呼吸的比例是多少？,15：1 ／ 15：2 ／ 30：1 ／ 30：2
EMT自編,EMT-CPR-04,site_authored,,自編或未有逐字選項,C,3/3/4/4,0,0,0,0,兩名救護員為兒童或嬰兒施行 CPR 時，壓胸與人工呼吸的比例是多少？,3：1 ／ 5：1 ／ 15：2 ／ 30：2
EMT自編,EMT-CPR-05,site_authored,,自編或未有逐字選項,A,14/13/11/12,1,1,0,0,AED 語音提示「建議電擊」，表示傷患的心律最可能是哪一種？,心室纖維顫動或無脈性心室頻脈 ／ 竇性心搏過緩或房室傳導阻滯 ／ 正常竇性心律或心房顫動 ／ 心搏停止或無脈性電氣活動
EMT自編,EMT-CPR-06,site_authored,,自編或未有逐字選項,A,8/8/8/8,0,0,0,0,AED 顯示「不建議電擊」後，救護員應立即做什麼？,立即繼續胸外按壓 ／ 先檢查脈搏一分鐘 ／ 再按一次電擊按鈕 ／ 撕除貼片關閉電源
EMT自編,EMT-CPR-07,site_authored,,自編或未有逐字選項,A,11/10/11/10,0,0,0,0,AED 成人電擊貼片的標準黏貼位置在哪裡？,右鎖骨下方與左胸外下方 ／ 兩側鎖骨下方各貼一片 ／ 左鎖骨下方與右胸外下方 ／ 胸骨正中與左側上腹部
EMT自編,EMT-CPR-08,site_authored,,自編或未有逐字選項,B,7/7/7/7,0,0,0,0,AED 充電完成、準備電擊時，按下電擊鈕前必須先確認什麼？,貼片已經撕下來 ／ 沒有人碰觸傷患 ／ 傷患已恢復脈搏 ／ 氧氣面罩已戴好
EMT自編,EMT-CPR-09,site_authored,,自編或未有逐字選項,A,8/9/8/8,0,0,0,0,AED 完成電擊後，救護員應立刻做什麼？,立即繼續胸外按壓 ／ 立即檢查頸動脈脈搏 ／ 等待機器再次分析 ／ 先給兩次人工呼吸
EMT自編,EMT-CPR-10,site_authored,,自編或未有逐字選項,C,4/4/5/6,0,0,0,0,心室纖維顫動的傷患如果沒有接受 CPR，電擊每延遲 1 分鐘，存活率大約下降多少？,1～2% ／ 3～4% ／ 7～10% ／ 15～20%
EMT自編,EMT-CPR-11,site_authored,,自編或未有逐字選項,B,11/10/10/11,0,0,0,0,清醒的成年男性用餐時突然雙手掐住喉嚨、發不出聲音也無法咳嗽，應優先採取哪一種處置？,用手指伸進口腔深處挖取 ／ 站到身後實施腹部推擠 ／ 讓他喝水把異物沖下去 ／ 讓他平躺後開始胸外按壓
EMT自編,EMT-CPR-12,site_authored,,自編或未有逐字選項,A,5/5/5/5,0,0,0,0,異物哽塞的病患是懷孕後期的孕婦或過度肥胖者時，應改用哪一種方法？,胸部推擠法 ／ 背部拍擊法 ／ 腹部推擠法 ／ 手指挖除法
EMT自編,EMT-CPR-13,site_authored,,自編或未有逐字選項,B,11/12/12/12,0,0,0,0,異物哽塞的病患在處置中失去意識倒地，施救者接下來應怎麼做？,扶起病患，繼續腹部推擠 ／ 讓病患平躺，開始胸外按壓 ／ 讓病患側躺，等待自行清醒 ／ 讓病患平躺，改做背部拍擊
EMT自編,EMT-CPR-14,site_authored,,自編或未有逐字選項,C,11/12/11/11,0,0,0,0,未滿 1 歲的清醒嬰兒發生嚴重異物哽塞時，應如何處置？,拍背 5 下與壓腹 5 下交替 ／ 拍背 2 下與壓胸 15 下交替 ／ 拍背 5 下與壓胸 5 下交替 ／ 壓腹 5 下與壓胸 5 下交替
EMT自編,EMT-CPR-15,site_authored,,自編或未有逐字選項,D,10/11/8/10,0,0,0,0,傷患胸前皮下有心律調節器的凸起時，AED 貼片應怎麼貼？,直接貼在凸起處的上方 ／ 不貼貼片，只做胸外按壓 ／ 兩片都改貼在背部 ／ 避開凸起處，貼在旁邊
EMT自編,EMT-TRM-01,site_authored,,自編或未有逐字選項,C,6/6/6/6,0,0,0,0,外傷初級評估 XABCDE 中的 X 代表什麼？,檢查瞳孔反應 ／ 測量血氧濃度 ／ 處置大量出血 ／ 評估頸椎損傷
EMT自編,EMT-TRM-02,site_authored,,自編或未有逐字選項,D,10/9/9/10,0,0,0,0,四肢動脈大量出血，直接加壓無法止血時，應採取哪一種方法？,在傷口遠心端綁止血帶 ／ 用清水持續沖洗傷口 ／ 抬高患肢並持續冰敷 ／ 在傷口近心端綁止血帶
EMT自編,EMT-TRM-03,site_authored,,自編或未有逐字選項,C,12/12/12/12,0,0,0,0,為傷患綁上止血帶之後，應遵守哪一項原則？,用衣物蓋住止血帶保持清潔 ／ 綁到遠端仍摸得到脈搏即可 ／ 記錄使用時間，不自行鬆開 ／ 每 15 分鐘鬆開一次再綁緊
EMT自編,EMT-TRM-04,site_authored,,自編或未有逐字選項,C,4/4/4/4,0,0,0,0,頭部外傷病患出現雙眼眶周圍瘀青（熊貓眼）或耳後瘀斑，最可能是哪一種骨折？,頸椎骨折 ／ 顴骨骨折 ／ 顱底骨折 ／ 鼻骨骨折
EMT自編,EMT-TRM-05,site_authored,,自編或未有逐字選項,A,10/9/10/9,0,0,0,0,胸部穿刺傷造成開放性氣胸時，敷料應如何固定？,三邊貼緊，留一邊不貼 ／ 只貼一邊，其餘不貼 ／ 兩邊貼緊，留兩邊不貼 ／ 四邊貼緊，完全密封
EMT自編,EMT-TRM-06,site_authored,,自編或未有逐字選項,D,9/10/9/9,0,0,0,0,腹部外傷造成腸子等臟器外露時，現場應如何處置？,用乾的紗布直接加壓 ／ 戴手套把臟器推回腹腔 ／ 用彈性繃帶緊緊纏住 ／ 用濕的無菌敷料覆蓋
EMT自編,EMT-TRM-07,site_authored,,自編或未有逐字選項,A,9/9/9/9,0,0,0,0,異物刺入傷患體內並留在傷口上時，現場應如何處置？,固定異物，不要拔除 ／ 輕輕轉動以確認深度 ／ 立即拔除後加壓止血 ／ 往內推入以減少晃動
EMT自編,EMT-TRM-08,site_authored,,自編或未有逐字選項,B,13/14/13/13,1,1,0,0,手指完全截斷時，斷肢應如何保存後送？,乾紗布包裹後裝袋，保持常溫 ／ 濕紗布包裹後裝袋，再放入冰水 ／ 直接浸泡在生理食鹽水或冰水 ／ 濕紗布包裹後，直接埋進冰塊
EMT自編,EMT-TRM-09,site_authored,,自編或未有逐字選項,B,10/10/10/9,0,0,0,0,以夾板固定長骨骨折時，固定範圍應包含哪些部位？,骨折處與下方一個關節 ／ 骨折處與上下兩個關節 ／ 骨折處與上方一個關節 ／ 只需固定骨折處本身
EMT自編,EMT-TRM-10,site_authored,,自編或未有逐字選項,C,8/8/8/8,0,0,0,0,夾板固定之前與之後，都要評估肢體末端的哪三項？,脈搏、血壓與體溫 ／ 膚色、瞳孔與意識 ／ 循環、感覺與運動 ／ 疼痛、腫脹與變形
EMT自編,EMT-TRM-11,site_authored,,自編或未有逐字選項,A,8/8/8/8,0,0,0,0,量測硬式頸圈尺寸時，要量病患哪一段的距離？,下顎到肩膀的距離 ／ 耳垂到肩膀的距離 ／ 後腦到肩膀的距離 ／ 喉結到鎖骨的距離
EMT自編,EMT-TRM-12,site_authored,,自編或未有逐字選項,D,12/12/12/12,0,0,0,0,用長背板固定傷患時，軀幹與頭部的固定順序為何？,先固定雙腳，最後固定軀幹 ／ 先固定頭部，最後固定雙腳 ／ 先固定頭部，最後固定軀幹 ／ 先固定軀幹，最後固定頭部
EMT自編,EMT-TRM-13,site_authored,,自編或未有逐字選項,C,7/7/8/7,1,1,0,0,高處墜落的清醒傷患主訴頸部劇痛，救護員接觸傷患的第一個動作是什麼？,先量血壓與脈搏 ／ 扶傷患坐起檢查 ／ 用雙手固定頭頸部 ／ 請傷患轉動頸部
EMT自編,EMT-TRM-14,site_authored,,自編或未有逐字選項,D,3/4/4/3,0,0,0,0,在狹窄的公寓樓梯間搬運清醒、呼吸困難且沒有頸椎外傷的病患，最適合用哪一種器材？,長背板 ／ 鏟式擔架 ／ 籃式擔架 ／ 樓梯椅
EMT自編,EMT-TRM-15,site_authored,,自編或未有逐字選項,A,7/8/8/8,0,0,0,0,車禍現場車輛起火，單一救護員必須立刻把失去意識的傷患移出車外，應採用哪一種方式？,緊急拖拉法移出 ／ 等支援到場再移出 ／ 上頸圈固定後移出 ／ 穿脫困背心後移出
EMT自編,EMT-MED-01,site_authored,,自編或未有逐字選項,D,14/14/14/14,0,0,0,0,辛辛那提到院前腦中風評估包含哪三項？,瞳孔大小、對光反射、眼球偏移 ／ 劇烈頭痛、噴射嘔吐、頸部僵硬 ／ 意識程度、肢體感覺、步態平衡 ／ 臉部下垂、手臂無力、言語異常
EMT自編,EMT-MED-02,site_authored,,自編或未有逐字選項,D,14/14/14/15,1,1,0,0,急性心肌梗塞最典型的胸痛表現是什麼？,胸口刺痛，深呼吸或按壓時加劇 ／ 胸背撕裂痛，兩手血壓相差很大 ／ 上腹灼熱感，進食後會明顯緩解 ／ 胸口悶壓感，可延伸到左臂或下顎
EMT自編,EMT-MED-03,site_authored,,自編或未有逐字選項,A,11/10/10/10,1,1,0,0,糖尿病病患低血糖但意識清楚、能吞嚥時，現場應先如何處置？,給予口服糖水或含糖食物 ／ 讓病患平躺並抬高下肢 ／ 協助施打自備的胰島素 ／ 禁食並給予大量白開水
EMT自編,EMT-MED-04,site_authored,,自編或未有逐字選項,A,9/9/9/8,0,0,0,0,糖尿病病患意識昏迷、呼喚沒有反應時，下列哪一項處置不可以做？,由口餵食糖水或食物 ／ 監測血糖與生命徵象 ／ 採復甦姿勢儘速送醫 ／ 維持呼吸道並給氧
EMT自編,EMT-MED-05,site_authored,,自編或未有逐字選項,A,3/3/3/3,0,0,0,0,氣喘或慢性阻塞性肺病急性發作時，聽診最常聽到哪一種呼吸音？,哮鳴音 ／ 摩擦音 ／ 打鼾音 ／ 濕囉音
EMT自編,EMT-MED-06,site_authored,,自編或未有逐字選項,D,4/4/4/4,0,0,0,0,嚴重過敏性休克合併喉頭水腫與低血壓時，首選的救命藥物是什麼？,硝化甘油 ／ 抗組織胺 ／ 阿斯匹靈 ／ 腎上腺素
EMT自編,EMT-MED-07,site_authored,,自編或未有逐字選項,D,9/9/9/9,0,0,0,0,「休克」指的是什麼？,腦部的血流突然增加 ／ 心跳的速率低於正常 ／ 血液中的含氧量過高 ／ 組織的血液灌流不足
EMT自編,EMT-MED-08,site_authored,,自編或未有逐字選項,A,7/6/7/7,0,0,0,0,出血性休克的傷患，如果沒有頭部、胸部或脊椎外傷，現場通常採取哪一種姿勢？,平躺並抬高下肢 ／ 半坐臥並屈膝 ／ 俯臥並墊高胸部 ／ 側躺採復甦姿勢
EMT自編,EMT-MED-09,site_authored,,自編或未有逐字選項,B,9/7/8/7,0,0,0,0,疑似急性心肌梗塞併發肺水腫、呼吸困難的病患，不適合採取哪一種姿勢？,病患自覺舒適的坐姿 ／ 平躺並抬高下肢 ／ 半坐臥並墊高背部 ／ 坐姿並身體前傾
EMT自編,EMT-MED-10,site_authored,,自編或未有逐字選項,D,14/13/12/13,0,0,0,0,依成人九則計算法，整個頭頸部與單側下肢各占體表面積多少？,頭頸部 18%，單側下肢 18% ／ 頭頸部 18%，單側下肢 9% ／ 頭頸部 9%，單側下肢 9% ／ 頭頸部 9%，單側下肢 18%
EMT自編,EMT-MED-11,site_authored,,自編或未有逐字選項,B,2/2/2/2,0,0,0,0,燒燙傷部位紅腫、劇痛並起水泡，深度屬於哪一級？,一度 ／ 二度 ／ 三度 ／ 四度
EMT自編,EMT-MED-12,site_authored,,自編或未有逐字選項,B,10/10/9/10,0,0,0,0,燙傷處理口訣「沖、脫、泡、蓋、送」中的「沖」，正確做法是什麼？,用溫熱的清水沖洗傷處 ／ 用流動的冷水沖洗傷處 ／ 用冰塊直接敷在傷處 ／ 用生理食鹽水擦拭傷處
EMT自編,EMT-MED-13,site_authored,,自編或未有逐字選項,D,7/7/7/7,0,0,0,0,區分熱衰竭與熱中暑，最關鍵的指標是什麼？,是否有心跳加快 ／ 是否有肌肉抽筋 ／ 是否仍大量流汗 ／ 是否有意識改變
EMT自編,EMT-MED-14,site_authored,,自編或未有逐字選項,A,7/7/7/8,0,0,0,0,熱中暑昏迷的傷患，現場最重要的處置是什麼？,儘快為身體降溫 ／ 先測量血糖數值 ／ 蓋毛毯避免失溫 ／ 由口補充電解質水
EMT自編,EMT-MED-15,site_authored,,自編或未有逐字選項,D,8/9/8/8,0,0,0,0,遭毒蛇咬傷時，下列哪一項處置是錯誤的？,保持冷靜減少活動 ／ 取下患肢的戒指手錶 ／ 記下蛇的外觀特徵 ／ 切開傷口吸出毒液
EMT自編,EMT-MCI-01,site_authored,,自編或未有逐字選項,A,2/2/2/2,0,0,0,0,START 檢傷分類的第一步是請能自行走動的傷患到指定區域集合，這些傷患歸為哪一種顏色？,綠色 ／ 紅色 ／ 黑色 ／ 黃色
EMT自編,EMT-MCI-02,site_authored,,自編或未有逐字選項,B,2/2/2/2,0,0,0,0,START 檢傷分類中，傷患沒有呼吸，暢通呼吸道後仍然沒有呼吸，應歸為哪一種顏色？,黃色 ／ 黑色 ／ 綠色 ／ 紅色
EMT自編,EMT-MCI-03,site_authored,,自編或未有逐字選項,D,2/2/2/2,0,0,0,0,START 檢傷分類中，原本沒有呼吸的傷患在暢通呼吸道後恢復呼吸，應歸為哪一種顏色？,黃色 ／ 綠色 ／ 黑色 ／ 紅色
EMT自編,EMT-MCI-04,site_authored,,自編或未有逐字選項,C,3/3/3/3,0,0,0,0,START 檢傷分類中，不能走動的傷患呼吸速率每分鐘超過幾次，就直接歸為紅色？,10 次 ／ 20 次 ／ 30 次 ／ 40 次
EMT自編,EMT-MCI-05,site_authored,,自編或未有逐字選項,C,2/2/2/2,0,0,0,0,START 檢傷分類中，傷患呼吸每分鐘 22 次，但摸不到橈動脈脈搏，應歸為哪一種顏色？,黃色 ／ 綠色 ／ 紅色 ／ 黑色
EMT自編,EMT-MCI-06,site_authored,,自編或未有逐字選項,C,2/2/2/2,0,0,0,0,START 檢傷分類中，傷患呼吸每分鐘 20 次、橈動脈脈搏明顯、微血管充填時間少於 2 秒，但無法聽從簡單指令，應歸為哪一種顏色？,綠色 ／ 黃色 ／ 紅色 ／ 黑色
EMT自編,EMT-MCI-07,site_authored,,自編或未有逐字選項,C,2/2/2/2,0,0,0,0,傷患大腿骨折無法行走，呼吸每分鐘 18 次、橈動脈脈搏正常、微血管充填時間 1.5 秒、能聽從指令，START 檢傷應歸為哪一種顏色？,紅色 ／ 黑色 ／ 黃色 ／ 綠色
EMT自編,EMT-MCI-08,site_authored,,自編或未有逐字選項,A,3/3/3/4,0,0,0,0,大量傷病患現場以 START 檢傷時，每位傷患的評估時間原則上應在多久以內？,1 分鐘 ／ 3 分鐘 ／ 5 分鐘 ／ 10 分鐘
EMT自編,EMT-MCI-09,site_authored,,自編或未有逐字選項,A,8/8/8/8,0,0,0,0,救護技術員抵達事故現場，接近傷患之前的第一件事是什麼？,確認現場環境安全 ／ 回報指揮中心到達 ／ 準備急救器材下車 ／ 確認傷患人數多寡
EMT自編,EMT-MCI-10,site_authored,,自編或未有逐字選項,B,8/8/8/8,0,0,0,0,依《緊急醫療救護法》第32條，直轄市、縣（市）政府遇大量傷病患或野外緊急救護時，應依災害規模及種類建立什麼，以施行救護有關工作？,災害物資調度系統 ／ 現場指揮協調系統 ／ 現場傷病登錄系統 ／ 後送醫院轉診系統
